0.350394, 0.299213, 0.307087, 0.88189, 0.295276, 0.385827, 0.76378, 0.417323, 0.409449, 0.775591
0.598425, 0.629921, 0.244094, 0.0393701, 0.744094, 0.937008, 0.917323, 0.937008, 0.125984, 0.937008
0.011811, 0.0551181, 0.925197, 0.732283, 0.476378, 0.165354, 0.834646, 0.0669291, 0.555118, 0.956693
0.547244, 0.448819, 0.783465, 0.409449, 0.767717, 0.598425, 0.988189, 0.677165, 0.574803, 0.570866
0.748031, 0.76378, 0.65748, 0.232283, 0.015748, 0.0708661, 0.318898, 0.972441, 0.0748031, 0.901575
0.681102, 0.818898, 0.433071, 0.0708661, 0.992126, 0.751969, 0.279528, 0.562992, 0.791339, 0.192913
0.464567, 0.952756, 0.795276, 0.692913, 0.728346, 0.0629921, 0.287402, 0.326772, 0.19685, 0.799213
0.590551, 0.582677, 0.889764, 0.0472441, 0.244094, 0.602362, 0.279528, 0.338583, 0.590551, 0.834646
0.169291, 0.23622, 0.507874, 0.846457, 0.791339, 0.720472, 0.444882, 0.0944882, 0.448819, 0.314961
0.700787, 0.531496, 0.677165, 0.0511811, 0.259843, 0.251969, 0.641732, 0.681102, 0.322835, 0.208661
0.232283, 0.614173, 0.952756, 0.964567, 0.708661, 0.543307, 0.633858, 0.208661, 0.173228, 0.555118
0.507874, 0.692913, 0.279528, 0.492126, 0.633858, 0.192913, 0.653543, 0.0314961, 0.299213, 1
0.633858, 0.484252, 0.724409, 0.791339, 0.92126, 0.385827, 0.728346, 0.952756, 0.688976, 0.476378
0.850394, 0.322835, 0.901575, 0.633858, 0.964567, 0.299213, 0.181102, 0.925197, 0.413386, 0.559055
0.291339, 0.885827, 0.629921, 0.0314961, 0.177165, 0.527559, 0.0748031, 0.980315, 0.279528, 0.366142
0.96063, 0.555118, 0.464567, 0.574803, 0.291339, 0.84252, 0.26378, 0.84252, 0.346457, 0.153543
0.625984, 0.562992, 0.311024, 0.283465, 0.862205, 0.53937, 0.712598, 0.358268, 0.429134, 0.700787
0.133858, 0.0748031, 0.401575, 0.531496, 0.862205, 0.0866142, 0.771654, 0.122047, 0.0866142, 0.759843
0.251969, 0.185039, 0.822835, 0.779528, 0.185039, 0.535433, 0.511811, 0.19685, 0.866142, 0.480315
0.0826772, 0.956693, 0.0393701, 0.519685, 0.771654, 0.137795, 0.417323, 0.362205, 0.224409, 0.440945
0.23622, 0.858268, 0.629921, 0.452756, 0.492126, 0.0551181, 0.224409, 0.0511811, 0.677165, 0.862205
0.535433, 0.968504, 0.964567, 0.5, 0.645669, 0.822835, 0.34252, 0.0433071, 0.275591, 0.133858
0.169291, 0.385827, 0.472441, 0.665354, 0.665354, 0.259843, 0.350394, 0.65748, 0.366142, 0.413386
0.0354331, 0.527559, 0.905512, 0.661417, 0.830709, 0.929134, 0.437008, 0.330709, 0.814961, 0.413386
0.401575, 0.192913, 0.551181, 0.885827, 0.200787, 0.114173, 0.700787, 0.885827, 0.901575, 0.57874
0.637795, 0.23622, 0.834646, 0.472441, 0.114173, 0.0984252, 0.295276, 0.15748, 0.905512, 0.259843
0.26378, 0.0905512, 0.653543, 0.137795, 0.933071, 0.543307, 0.811024, 0.515748, 0.799213, 0.692913
0.192913, 0.358268, 0.472441, 0.251969, 0.968504, 0.775591, 0.822835, 0.0354331, 0.141732, 0.366142
0.19685, 0.720472, 0.822835, 0.826772, 0.980315, 0.476378, 0.299213, 0.937008, 0.0866142, 0.393701
0.582677, 0.586614, 0.633858, 0.952756, 0.476378, 0.287402, 0.673228, 0.488189, 0.787402, 0.783465
0.181102, 0.437008, 0.913386, 0.933071, 0.425197, 0.0826772, 0.73622, 0.791339, 0.728346, 0.889764
0.779528, 0.377953, 0.299213, 0.397638, 0.145669, 0.870079, 0.854331, 0.322835, 0.677165, 0.988189
0.169291, 0.582677, 0.787402, 0.866142, 0.165354, 0.0629921, 0.228346, 0.551181, 0.57874, 0.507874
0.992126, 0.149606, 0.88189, 0.677165, 0.492126, 0.248031, 0.799213, 0.901575, 0.685039, 0.271654
0.92126, 0.0551181, 0.019685, 0.838583, 0.968504, 0.291339, 0.681102, 0.377953, 0.685039, 0.137795
0.429134, 0.814961, 0.338583, 0.929134, 0.96063, 0.165354, 0.433071, 0.220472, 0.456693, 0.125984
0.76378, 0.393701, 0.110236, 0.165354, 0.952756, 0.212598, 0.106299, 0.106299, 0.334646, 0.34252
0.181102, 0.393701, 0.685039, 0.208661, 0.748031, 0.173228, 0.964567, 0.267717, 0.846457, 0.26378
0.0944882, 0.925197, 0.015748, 0.937008, 0.34252, 0.838583, 0.456693, 0.724409, 0.405512, 0.937008
0.751969, 0.102362, 0.393701, 0.779528, 0.354331, 0.401575, 0.629921, 0.0511811, 0.708661, 0.251969
0.338583, 0.948819, 0.586614, 0.0748031, 0.318898, 0.0905512, 0.255906, 0.358268, 0.165354, 0.287402
0.149606, 0.287402, 0.905512, 0.192913, 0.484252, 0.275591, 0.779528, 0.866142, 0.401575, 0.492126
0.0826772, 0.870079, 0.846457, 0.73622, 0.38189, 0.610236, 0.192913, 0.496063, 0.724409, 0.818898
0.244094, 0.818898, 0.0708661, 0.948819, 0.84252, 0.00393701, 0.448819, 0.76378, 0.0748031, 0.933071
0.700787, 0.901575, 0.0905512, 0.807087, 0.295276, 0.0944882, 0.527559, 0.46063, 0.212598, 0.389764
0.389764, 0.606299, 0.53937, 0.80315, 0.862205, 0.748031, 0.562992, 0.5, 0.271654, 0.708661
0.645669, 0.665354, 0.00787402, 0.732283, 0.413386, 0.350394, 0.251969, 0.153543, 0.562992, 0.53937
0.80315, 0.972441, 0.53937, 0.69685, 0.53937, 0.397638, 0.129921, 0.181102, 0.704724, 0.425197
0.877953, 0.15748, 0.901575, 0.811024, 0.889764, 0.393701, 0.0551181, 0.413386, 0.287402, 0.76378
0.547244, 0.255906, 0.748031, 0.15748, 0.846457, 0.507874, 0.0433071, 0.799213, 0.488189, 0.11811
0.137795, 0.543307, 0.228346, 0.767717, 0.188976, 0.444882, 0.358268, 0.972441, 0.255906, 0.547244
0.0866142, 0.681102, 0.275591, 0.854331, 0.0393701, 0.334646, 0.826772, 0.00393701, 0.397638, 0.673228
0.76378, 0.779528, 0.807087, 0.409449, 0.653543, 0.019685, 0.933071, 0.405512, 0.362205, 0.814961
0.149606, 0.637795, 0.834646, 0.374016, 0.169291, 0.614173, 0.692913, 0.905512, 0.185039, 0.322835
0.346457, 0.641732, 0.425197, 1, 0.531496, 0.653543, 0.610236, 0.314961, 0.586614, 0.259843
0.106299, 0.0708661, 0.551181, 0.850394, 0.692913, 0.362205, 0.488189, 0.437008, 0.559055, 0.814961
0.980315, 0, 0.968504, 0.637795, 0.283465, 0.46063, 0.137795, 0.0905512, 0.114173, 0.925197
0.350394, 0.905512, 0.200787, 0.531496, 0.0472441, 0.0826772, 0.673228, 0.492126, 0.732283, 0.472441
0.606299, 0.712598, 0.488189, 0.122047, 0.65748, 0.204724, 0.338583, 0.326772, 0.19685, 0.700787
0.905512, 0.673228, 0.374016, 0.96063, 0.728346, 0.854331, 0.661417, 0.165354, 0.169291, 0.133858
0.700787, 0.570866, 0.649606, 0.137795, 0.330709, 0.814961, 0.791339, 0.641732, 0.555118, 0.259843
0.771654, 0.779528, 0.181102, 0.69685, 0.259843, 0.374016, 0.720472, 0.311024, 0.775591, 0.649606
0.704724, 0.0433071, 0.767717, 0.598425, 0.429134, 0.358268, 0.30315, 0.0629921, 0.622047, 0.818898
0.645669, 0.114173, 0.19685, 0.69685, 0.665354, 0.637795, 0.598425, 0.125984, 0.716535, 0.854331
0.141732, 0.15748, 0.527559, 0.200787, 0.30315, 0.594488, 0.720472, 0.649606, 0.559055, 0.669291
0.728346, 0.220472, 0.834646, 0.267717, 0.370079, 0.200787, 0.708661, 0.279528, 0.311024, 0.874016
0.311024, 0.692913, 0.240157, 0.748031, 0.279528, 0.814961, 0.476378, 0.106299, 0.153543, 0.838583
0.169291, 0.566929, 0.700787, 0.795276, 0.468504, 0.795276, 0.854331, 0.464567, 0.598425, 0.503937
0.562992, 0.338583, 0.314961, 0.57874, 0.401575, 0.606299, 0.0905512, 0.437008, 0.850394, 0.192913
0.759843, 0.570866, 0.0590551, 0.244094, 0.283465, 0.413386, 0.724409, 0.720472, 0.929134, 0.57874
0.952756, 0.988189, 0.594488, 0.472441, 0.393701, 0.866142, 0.240157, 0.259843, 0.440945, 0.637795
0.15748, 0.125984, 0.649606, 0.248031, 0.519685, 0.192913, 0.307087, 0.165354, 0.5, 0.023622
0.755906, 0.870079, 0.0275591, 0.996063, 0.224409, 0.19685, 0.314961, 0.228346, 0.515748, 0.661417
0.224409, 0.346457, 0.346457, 0.751969, 0.629921, 0.641732, 0.224409, 0.125984, 0.15748, 0.425197
0.188976, 0.700787, 0.212598, 0.980315, 0.838583, 0.476378, 0.42126, 0.551181, 0.732283, 0.901575
0.362205, 0.228346, 0.795276, 0.0472441, 0.299213, 0.279528, 0.224409, 0.259843, 0.826772, 0.149606
0.42126, 0.291339, 0.496063, 0.318898, 0.996063, 0.366142, 0.484252, 0.799213, 0.484252, 0.775591
0.0433071, 0.76378, 0.850394, 0.444882, 0.232283, 0.188976, 0.771654, 0.468504, 0.80315, 0.181102
0.661417, 0.0511811, 0.011811, 0.661417, 0.26378, 0.594488, 0.73622, 0.409449, 0.409449, 0.590551
0.834646, 0.96063, 0.566929, 0.106299, 0.755906, 0.0472441, 0.0393701, 0.0866142, 0.661417, 0.311024
0.53937, 0.547244, 0.228346, 0.590551, 0.716535, 0.846457, 0.106299, 0.346457, 0.0669291, 0.00787402
0.988189, 0.944882, 0.972441, 0.401575, 0.0354331, 0.515748, 0.625984, 0.240157, 0.177165, 0.0590551
0.334646, 0.838583, 0.456693, 0.220472, 0.46063, 0.748031, 0.181102, 0.492126, 0.283465, 0.208661
0.185039, 0.0551181, 0.570866, 0.330709, 0.814961, 0.30315, 0.531496, 0.362205, 0.228346, 0.480315
0.594488, 0.374016, 0.468504, 0.606299, 0.240157, 0.850394, 0.102362, 0.645669, 0.322835, 0.34252
0.73622, 0.645669, 0.330709, 0.275591, 0.562992, 0.555118, 0.110236, 0.944882, 0.720472, 0.775591
0.779528, 0.271654, 0.299213, 0.562992, 0.192913, 0.76378, 0.952756, 0.30315, 0.393701, 0.251969
0.484252, 0.720472, 0.362205, 0.452756, 0.122047, 0.322835, 0.582677, 0.440945, 0.181102, 0.929134
0.287402, 0.480315, 0.905512, 0.181102, 0.598425, 0.582677, 0.854331, 0.448819, 0.866142, 0.551181
1, 0.893701, 0.858268, 0.283465, 0.858268, 0.255906, 0.622047, 0.42126, 0.267717, 0.46063
0.377953, 0.952756, 0.173228, 0.69685, 0.5, 0.275591, 0.114173, 0.267717, 0.61811, 0.84252
0.133858, 0.480315, 0.0748031, 0.874016, 0.929134, 0.822835, 0.0393701, 0.889764, 0.0905512, 0.366142
0.933071, 0.496063, 0.80315, 0.216535, 0.653543, 0.433071, 0.0472441, 0.393701, 0.0708661, 0.893701
0.448819, 0.409449, 0.531496, 0.169291, 0.358268, 0.476378, 0.279528, 0.19685, 0.299213, 0.46063
0.791339, 0.519685, 0.535433, 0.751969, 0.114173, 0.0669291, 0.287402, 0.11811, 0.889764, 0.897638
0.830709, 0.354331, 0.748031, 0.503937, 0.535433, 0.909449, 0.496063, 0.0314961, 0.240157, 0.488189
0.496063, 0.905512, 0.822835, 0.114173, 0.433071, 0.318898, 0.275591, 0.653543, 0.102362, 0.759843
0.744094, 0.492126, 0.307087, 0.834646, 0.401575, 0.614173, 0.0551181, 0.92126, 0.73622, 0.944882
0.307087, 0.480315, 0.791339, 0.69685, 0.122047, 0.779528, 0.122047, 0.590551, 0.224409, 0.0787402
0, 0.149606, 0.940945, 0.0472441, 0.913386, 0.102362, 0.38189, 0.602362, 0.283465, 0.322835
0.893701, 0.46063, 0.720472, 0.866142, 0.952756, 0.531496, 1, 0.484252, 0.334646, 0.00393701
0.0393701, 0.944882, 0.755906, 0.570866, 0.661417, 0.267717, 0.645669, 0.488189, 0.850394, 0.145669
0.543307, 0.641732, 0.295276, 0.480315, 0.484252, 0.555118, 0.244094, 0.704724, 0.019685, 0.452756
0.858268, 0.283465, 0.905512, 0.822835, 0.0393701, 0.65748, 0.767717, 0.944882, 0.972441, 0.153543
0.996063, 0.712598, 0.188976, 0.169291, 0.00787402, 0.84252, 0.551181, 0.889764, 0.322835, 0.0275591
0.712598, 0.417323, 0.562992, 0.397638, 0.0472441, 0.610236, 0.901575, 0.433071, 0.645669, 0.740157
0.685039, 0.318898, 0.69685, 0.161417, 0.393701, 0.688976, 0.279528, 0.976378, 0.110236, 0.00393701
0.393701, 0.614173, 0.488189, 0.425197, 0.913386, 0.0944882, 0.46063, 0.559055, 0.913386, 0.641732
0.38189, 0.838583, 0.511811, 0.177165, 1, 0.905512, 0.669291, 0.751969, 0.248031, 0.724409
0.779528, 0.173228, 0.972441, 0.814961, 0.629921, 0.429134, 0.169291, 0.799213, 0.141732, 0.566929
0.125984, 0.535433, 0.0472441, 0.685039, 0.740157, 0.956693, 0.818898, 0.76378, 0.358268, 0.377953
0.149606, 0.944882, 0.944882, 0.169291, 0.822835, 0.933071, 0.409449, 0.952756, 0.728346, 0.610236
0.917323, 0.19685, 0.633858, 0.444882, 0.586614, 0.0787402, 0.358268, 0.275591, 0.893701, 0.818898
0.984252, 0.0472441, 0.531496, 0.759843, 0.224409, 0.901575, 0.614173, 0.905512, 0.96063, 0.204724
0.299213, 0.830709, 0.26378, 0.531496, 0.00787402, 0.472441, 0.570866, 0.185039, 0.389764, 0.452756
1, 0.468504, 0.452756, 0.724409, 0.637795, 0.704724, 0.673228, 0.503937, 0.791339, 0.96063
0.559055, 0.0944882, 0.523622, 0.0511811, 0.909449, 0.984252, 0.287402, 0.271654, 0.248031, 0.917323
0.114173, 0.779528, 0.767717, 0.015748, 0.854331, 0.728346, 0.972441, 0.69685, 0.248031, 0.0393701
0.88189, 0.409449, 0.464567, 0.259843, 0.913386, 0.629921, 0.287402, 0.023622, 0.480315, 0.307087
0.925197, 0.0748031, 0.11811, 0.425197, 0.641732, 0.901575, 0.248031, 0.429134, 0.917323, 0.850394
0.38189, 0.720472, 0.846457, 0.255906, 0.488189, 0.354331, 0.311024, 0.972441, 0.913386, 0.901575
0.562992, 0.393701, 0.53937, 0.228346, 0.917323, 0.0590551, 0.889764, 0.122047, 0.555118, 0.318898
0.716535, 0.779528, 0.00787402, 0.559055, 0.0472441, 0.602362, 0.350394, 0.204724, 0.830709, 0.287402
0.291339, 0.653543, 0.0787402, 0.590551, 0.929134, 0.488189, 0.318898, 0.452756, 0.515748, 0.688976
0.299213, 0.019685, 0.0866142, 0.240157, 0.464567, 0.744094, 0.208661, 0.0551181, 0.125984, 0.429134
0.799213, 0.897638, 0.0354331, 0.582677, 0.023622, 0.228346, 0.177165, 1, 0.728346, 0.484252
0.0905512, 0.0984252, 0.326772, 0.00393701, 0.929134, 0.531496, 0.212598, 0.700787, 0.826772, 0.69685
0.106299, 0.0748031, 0.992126, 0.96063, 0.641732, 0.948819, 0.956693, 0.122047, 0.523622, 0.88189
0.385827, 0.523622, 0.988189, 0.688976, 0.866142, 0.511811, 0.287402, 0.476378, 0.106299, 0.826772
0.208661, 0.811024, 0.141732, 0.80315, 0.0787402, 0.69685, 0.889764, 0.665354, 0.787402, 0.397638
0.814961, 0.992126, 0.980315, 0.153543, 0.559055, 0.106299, 0.901575, 0.653543, 0.259843, 0.870079
0.389764, 0.0787402, 0.452756, 0.755906, 0.42126, 0.956693, 0.547244, 0.653543, 0.905512, 0.204724
0.456693, 0.535433, 0.574803, 0.893701, 0.34252, 0.0905512, 0.437008, 0.641732, 0.944882, 0.208661
0.523622, 0.165354, 0.165354, 0.314961, 0.23622, 0.267717, 0.200787, 0.846457, 0.838583, 0.850394
0.968504, 0.208661, 0.688976, 0.57874, 0.84252, 0.480315, 0.897638, 0.704724, 0.858268, 0.153543
0.429134, 0.681102, 0.582677, 0.0866142, 0.811024, 0.661417, 0.216535, 0.708661, 0.287402, 0.555118
0.366142, 0.598425, 0.374016, 0.255906, 0.0866142, 0.854331, 0.606299, 0.472441, 0.850394, 0.610236
0.96063, 0.905512, 0.417323, 0.011811, 0.574803, 0.53937, 0.586614, 0.145669, 0.405512, 0.700787
0.933071, 0.551181, 0.968504, 0.318898, 0.728346, 0.204724, 0.015748, 0.0590551, 0.751969, 0.933071
0.440945, 0.838583, 0.720472, 0.0433071, 0.15748, 0.129921, 0.212598, 0.838583, 0.440945, 0.937008
0.625984, 0.811024, 0.374016, 0.952756, 0.0433071, 0.0748031, 0.905512, 0.728346, 0.519685, 0.645669
0.503937, 0.185039, 0.661417, 0.795276, 0.0629921, 0.259843, 0.822835, 0.535433, 0.748031, 0.417323
0.0748031, 0.433071, 0.393701, 0.759843, 0.299213, 0.598425, 0.937008, 0.858268, 0.759843, 0.885827
0.57874, 0.755906, 0.933071, 0.26378, 0.594488, 0.011811, 0.413386, 0.480315, 0.96063, 0.251969
0.011811, 0.488189, 0.905512, 0.468504, 0.307087, 0.200787, 0.870079, 0.00787402, 0.968504, 0.661417
0.818898, 0.901575, 0.149606, 0.0708661, 0.023622, 0.259843, 0.870079, 0.173228, 0.492126, 0.661417
0.440945, 0.409449, 0.551181, 0.901575, 0.397638, 0.240157, 0.161417, 0.688976, 0.244094, 0.385827
0.929134, 0.787402, 0.594488, 0.405512, 0.433071, 0.964567, 0.185039, 0.515748, 0.594488, 0.0669291
0.0984252, 0.019685, 0.527559, 0.69685, 0.822835, 0.972441, 0.952756, 0.826772, 0.685039, 1
0.65748, 0.677165, 0.255906, 0.370079, 0.937008, 0.177165, 0.909449, 0.0472441, 0.913386, 0.185039
0.452756, 0.370079, 0.377953, 0.141732, 0.503937, 0.452756, 0.996063, 0.417323, 0.0708661, 0.996063
0.287402, 0.358268, 0.42126, 0.401575, 0.61811, 0.488189, 0.944882, 0.69685, 0.224409, 0.0472441
0.889764, 0.940945, 0.968504, 0.46063, 0.606299, 0.775591, 0.76378, 0.515748, 0.377953, 0.433071
0.688976, 0.393701, 0.5, 0.515748, 0.125984, 0.783465, 0.00787402, 0.00393701, 0.362205, 0.708661
0.299213, 0.795276, 0.023622, 0.598425, 0.279528, 0.496063, 0.964567, 0.0590551, 0.913386, 0.511811
0.228346, 0.830709, 0.685039, 0.92126, 0.515748, 0.704724, 0.944882, 0.110236, 0.877953, 0.271654
0.964567, 0.917323, 0.88189, 0.393701, 0.787402, 0.566929, 0.677165, 0.622047, 0.448819, 0.862205
0.515748, 0.65748, 0.19685, 0.901575, 0.610236, 0.38189, 0.122047, 0.362205, 0.212598, 0.964567
0.307087, 0.354331, 0.0551181, 0.00393701, 0.574803, 0.279528, 0.53937, 0.299213, 0.96063, 0.685039
0.456693, 0.011811, 0.751969, 0.240157, 0.952756, 0.5, 0.933071, 0.405512, 0.818898, 0.606299
0.0511811, 0.267717, 0.929134, 0.492126, 0.787402, 0.169291, 0.574803, 0.228346, 0.0551181, 0.374016
0.748031, 0.811024, 0.826772, 0.377953, 0.688976, 0.385827, 0.185039, 0.299213, 0.409449, 0.19685
0.704724, 0.681102, 0.779528, 0.830709, 0.73622, 0.598425, 0.137795, 0.877953, 1, 0.0866142
0.248031, 0.393701, 0.566929, 0.940945, 0.606299, 0.940945, 0.692913, 0.271654, 0.279528, 0.866142
0.559055, 0.559055, 0.913386, 0.712598, 0.354331, 0.366142, 0.145669, 0.929134, 0.53937, 0.149606
0.129921, 0, 0.866142, 0.425197, 0.456693, 0.84252, 0.251969, 0.393701, 0.251969, 0.732283
0.551181, 0.354331, 0.925197, 0.385827, 0.716535, 0.338583, 0.653543, 0.385827, 0.562992, 0.984252
0.661417, 0.586614, 0.169291, 0.0748031, 0.594488, 0.988189, 0.192913, 0.53937, 0.334646, 0.129921
0.700787, 0.562992, 0.23622, 0.401575, 0.397638, 0.602362, 0.515748, 0.114173, 0.283465, 0.125984
0.472441, 0.716535, 0.204724, 0.405512, 0.767717, 0.614173, 0.740157, 0.728346, 0.507874, 0.374016
0.964567, 0.248031, 0.19685, 0.362205, 0.905512, 0.0787402, 0.181102, 0.677165, 0.744094, 0.440945
0.73622, 0.484252, 0.0393701, 0.0748031, 0.956693, 0.0275591, 0.192913, 0.507874, 0.893701, 0.149606
0.779528, 0.748031, 0.204724, 0.200787, 0.338583, 0.0944882, 0.019685, 0.346457, 0.0354331, 0.114173
0.956693, 0.787402, 0.972441, 0.125984, 0.535433, 0.0511811, 0.192913, 0.287402, 0.248031, 0.259843
0.472441, 0.259843, 0.311024, 0.866142, 0.326772, 0.448819, 0.649606, 0.0944882, 0.0787402, 0.570866
0.507874, 0.519685, 0.34252, 0.606299, 0.259843, 0.228346, 0.232283, 0.385827, 0.811024, 0.57874
0.413386, 0.862205, 0.468504, 0.586614, 0.913386, 0.527559, 0.240157, 0.633858, 0, 0.472441
0.535433, 0.370079, 0.492126, 0.0393701, 0.204724, 0.173228, 0.61811, 0.299213, 0.228346, 0.795276
0.401575, 0.708661, 0.338583, 0.106299, 0.740157, 0.307087, 0.673228, 0.606299, 0.448819, 0.11811
0.84252, 0.0629921, 0.685039, 0.346457, 0.720472, 0.011811, 0.889764, 0.437008, 0.909449, 0.366142
0.759843, 0.503937, 0.874016, 0.65748, 0.677165, 0.807087, 0.153543, 0.145669, 0.562992, 0.940945
0.645669, 0.224409, 0.811024, 0.645669, 0.818898, 0.555118, 0.720472, 0.0826772, 0.448819, 0.354331
0.476378, 0.933071, 0.216535, 0.80315, 0.334646, 0.389764, 0.582677, 0.0511811, 0.283465, 0.0708661
0.889764, 0.700787, 0.791339, 0.287402, 0.30315, 0.531496, 0.720472, 0.488189, 0.385827, 0.826772
0.448819, 0.641732, 0.133858, 0.106299, 0.405512, 0.220472, 0.318898, 0.606299, 0.653543, 0.0787402
0.161417, 0.913386, 0.649606, 0.330709, 0.433071, 0.228346, 0.929134, 0.0905512, 0.0708661, 0.405512
0.338583, 0.874016, 0.0787402, 0.275591, 0.767717, 0.145669, 0.964567, 0.185039, 0.874016, 0.425197
0.330709, 0.401575, 0.976378, 0.775591, 0.826772, 0.614173, 0.122047, 0.358268, 0.106299, 0.917323
0.665354, 0.61811, 0.637795, 0.0748031, 0.208661, 0.0590551, 0.464567, 0.582677, 0.125984, 0.366142
0.515748, 0.437008, 0.362205, 0.92126, 0.669291, 0.952756, 0.34252, 0.586614, 0.19685, 0.0551181
0.704724, 0.874016, 0.437008, 0.929134, 0.0354331, 0.964567, 0.996063, 0.401575, 0.248031, 0.811024
0.271654, 0.0944882, 0.440945, 0.846457, 0.350394, 0.11811, 0.519685, 0.633858, 0.507874, 0.19685
0.748031, 0.0669291, 0.34252, 0.437008, 0.137795, 0.645669, 0.582677, 0.141732, 0.53937, 0.114173
0.905512, 0.15748, 0.555118, 0.877953, 0.417323, 0.826772, 0.492126, 0.0314961, 0.645669, 0.523622
0.019685, 0.57874, 0.00787402, 0.700787, 0.279528, 0.826772, 0.751969, 0.771654, 0.0275591, 0.610236
0.346457, 0.728346, 0.0787402, 0.535433, 0.0944882, 0.775591, 0.311024, 0.38189, 0.0275591, 0.992126
0.251969, 0.948819, 0.917323, 0.893701, 0.34252, 0.397638, 0.771654, 0.507874, 0.129921, 0.606299
0.929134, 0.480315, 0.972441, 0.358268, 0.96063, 0.751969, 0.555118, 0.590551, 0.484252, 0.0354331
0.956693, 0.0393701, 0.614173, 0.610236, 0.141732, 0.917323, 0.767717, 0.53937, 0.807087, 0.767717
0.527559, 0.165354, 0.204724, 0.358268, 0.484252, 0.633858, 0.240157, 0.188976, 0.0629921, 0.275591
0.456693, 0.346457, 0.511811, 0.122047, 0.389764, 0.0511811, 0.76378, 0.515748, 0.69685, 0.488189
0.452756, 0.0669291, 0.755906, 0.429134, 0.484252, 0.874016, 0.905512, 0.547244, 0.275591, 0.125984
0.358268, 0.299213, 0.011811, 0.503937, 0.429134, 0.677165, 0.255906, 0.811024, 0.834646, 0.633858
0.11811, 0.84252, 0.220472, 0.681102, 0.57874, 0.905512, 0.925197, 0.716535, 0.46063, 0
0.787402, 0.468504, 0.507874, 0.547244, 0.645669, 0.271654, 0.775591, 0.775591, 0.011811, 0.0314961
0.141732, 0.334646, 0.688976, 0.267717, 0.854331, 0.685039, 0.0354331, 0.15748, 0.96063, 0.96063
0.0314961, 0.771654, 0.649606, 0.814961, 0.468504, 0.389764, 0.937008, 0.523622, 0.106299, 0.775591
0.834646, 0.133858, 0.543307, 0.830709, 0.665354, 0.976378, 0.161417, 0.814961, 0.551181, 0.228346
0.562992, 0.818898, 0.177165, 0.484252, 0.204724, 0.944882, 0.661417, 0.984252, 0.779528, 0.417323
0.468504, 0.791339, 0.452756, 0.472441, 0.161417, 0.984252, 0.385827, 0.814961, 0.440945, 0.192913
0.562992, 0.472441, 0.791339, 0.889764, 0.551181, 0.0787402, 0.811024, 0.200787, 0.88189, 0.629921
0.633858, 0.586614, 0.523622, 0.0433071, 0.251969, 0.0354331, 0.515748, 0.125984, 0.492126, 0.122047
0.767717, 0.858268, 0.114173, 0.169291, 0.350394, 0.905512, 0.69685, 0.38189, 0.0866142, 0.641732
0.562992, 0.712598, 0.287402, 0.125984, 0.968504, 0.814961, 0.692913, 0.114173, 0.909449, 0.0511811
0.708661, 0.283465, 0.732283, 0.570866, 0.614173, 0.165354, 0.716535, 0.720472, 0.397638, 0.937008
0.507874, 0.956693, 0.122047, 0.0787402, 0.783465, 0.350394, 0.358268, 0.783465, 0.511811, 0.562992
0.637795, 0.944882, 0.996063, 0.799213, 0.00393701, 0.0944882, 0.0433071, 0.0944882, 0.893701, 0.0314961
0.488189, 0.897638, 0.125984, 0.354331, 0.149606, 0.129921, 0.787402, 0.728346, 0.15748, 0.901575
0.0629921, 0.633858, 0.476378, 0.224409, 0.795276, 0.11811, 0.23622, 0.322835, 0.153543, 0.661417
0.0787402, 0.96063, 0.307087, 0.511811, 0.34252, 0.688976, 0.720472, 0.216535, 0.484252, 0.011811
0.515748, 0.724409, 0.492126, 0.940945, 0.137795, 0.775591, 0.145669, 0.716535, 0.610236, 0.724409
0.133858, 0.783465, 0.830709, 0.889764, 0.720472, 0.527559, 0.484252, 0.429134, 0.0511811, 0.783465
0.901575, 0.0275591, 0.377953, 0.507874, 0.653543, 0.019685, 0.492126, 0.19685, 0.65748, 0.437008
0.992126, 0.783465, 0.893701, 0.531496, 0.874016, 0.755906, 0.57874, 0.425197, 0.614173, 0.413386
0.480315, 0.598425, 0.0354331, 0.637795, 0.964567, 0.0551181, 0.724409, 0.023622, 0.200787, 0.34252
0.838583, 0.688976, 0.377953, 0.673228, 0.314961, 0.122047, 0.944882, 0.783465, 0.0905512, 0.637795
0.409449, 0.940945, 0.248031, 0.456693, 0.169291, 0.350394, 0.712598, 0.976378, 0.492126, 0.240157
0.952756, 0.771654, 0.779528, 0.299213, 0.527559, 0.688976, 0.649606, 0.0393701, 0.531496, 0.503937
0.389764, 0.913386, 0.110236, 0.677165, 0.216535, 0.330709, 0.0551181, 0.00787402, 0.114173, 0.374016
0.740157, 0.0590551, 0.767717, 0.551181, 0.858268, 0.673228, 0.767717, 0.291339, 0.799213, 0.751969
0.976378, 0.988189, 0.145669, 0.720472, 0, 0.141732, 0.291339, 0.185039, 0.0590551, 0.0472441
0.889764, 0.779528, 0.125984, 0.30315, 0.5, 0.834646, 0.523622, 0.76378, 0.574803, 0.84252
0.767717, 0.141732, 0.125984, 0.141732, 0.318898, 0.834646, 0.019685, 0.011811, 0.295276, 0.905512
0.397638, 0.854331, 0.559055, 0.0866142, 0.374016, 0.374016, 0.385827, 0.114173, 0.244094, 0.570866
0.259843, 0.633858, 0.0551181, 0.751969, 0.96063, 0.870079, 0.602362, 0.996063, 0.425197, 0.0511811
0.405512, 0.555118, 0.901575, 0.814961, 0.5, 0.602362, 0.984252, 0.519685, 0.0511811, 0.968504
0.740157, 0.307087, 0.751969, 0.948819, 0.350394, 0.433071, 0.145669, 0.779528, 0.456693, 0.547244
0.350394, 0.704724, 0.318898, 0.106299, 0.122047, 0.208661, 0.145669, 0.685039, 0.448819, 0.783465
0.673228, 0.141732, 0.751969, 0.0433071, 0.102362, 0.53937, 0.625984, 0.519685, 0.248031, 0.011811
0.0393701, 0.11811, 0.893701, 0.173228, 0.543307, 0.314961, 0.232283, 0.775591, 0.275591, 0.559055
0.795276, 0.185039, 0.0826772, 0.129921, 0.220472, 0.826772, 0.854331, 0.425197, 0.610236, 0.570866
0.334646, 0.944882, 0.110236, 0.73622, 0.5, 0.200787, 0.511811, 0.358268, 0.149606, 0.673228
0.685039, 0.909449, 0.417323, 0.248031, 0.515748, 0.314961, 0.669291, 0.413386, 0.724409, 0.204724
0.862205, 0.0511811, 0.330709, 0.492126, 0.0669291, 0.834646, 0.767717, 0.846457, 0.0393701, 0.590551
0.484252, 0.547244, 0.370079, 0.779528, 0.492126, 0.779528, 0.137795, 0.625984, 0.791339, 0.204724
0.574803, 0.992126, 0.555118, 0.807087, 0.669291, 0.129921, 0.019685, 0.259843, 0.149606, 0.783465
0.251969, 0.822835, 0.787402, 0.228346, 0.122047, 0.0354331, 0.755906, 0.649606, 0.523622, 0.748031
0.181102, 0.366142, 0.555118, 0.740157, 0.244094, 0.240157, 0.937008, 0.169291, 0.562992, 0.92126
0.76378, 0.519685, 0.980315, 0.771654, 0.437008, 0.358268, 0.267717, 0.937008, 0.240157, 0.84252
0.00393701, 0.413386, 0.318898, 0.492126, 0.775591, 0.759843, 0.948819, 0.515748, 0.511811, 0.110236
0.799213, 0.496063, 0.401575, 0.169291, 0.759843, 0.80315, 0.590551, 0.488189, 0.870079, 0.299213
0.791339, 0.220472, 0.149606, 0.169291, 0.0433071, 0.744094, 0.814961, 0.326772, 0.724409, 0.641732
0.181102, 0.61811, 0.913386, 0.267717, 0.519685, 0.551181, 0.11811, 0.732283, 0.0433071, 0.877953
0.830709, 0.192913, 0.405512, 0.88189, 0.724409, 0.551181, 0.515748, 0.0590551, 0.228346, 0.452756
0.933071, 0.838583, 0.366142, 0.606299, 0.338583, 0.106299, 0.177165, 0.141732, 0.80315, 0.433071
0.69685, 0.0393701, 0.76378, 0.192913, 0.472441, 0.362205, 0.783465, 0.366142, 0, 0.744094
0.594488, 0.653543, 0.877953, 0.295276, 0.346457, 0.610236, 0.0984252, 0.92126, 0.129921, 0.854331
0.531496, 0.0984252, 0.964567, 0.704724, 0.511811, 0.783465, 0.283465, 0.125984, 0.0590551, 0.677165
0.69685, 0.598425, 0.295276, 0.251969, 0.417323, 0.574803, 0.169291, 0.811024, 0.429134, 0.484252
0.748031, 0.637795, 0.346457, 0.862205, 0.0314961, 0.976378, 0.787402, 0.440945, 0.275591, 0.346457
0.0787402, 0.984252, 0.838583, 0.374016, 0.937008, 0.917323, 0.464567, 0.0393701, 0.275591, 0.515748
0.515748, 0.948819, 0.732283, 0.515748, 0.287402, 0.299213, 0, 0.65748, 0.133858, 0.0511811
0.106299, 0.11811, 0.429134, 0.850394, 0.0433071, 0.354331, 0.590551, 0.606299, 0.826772, 0.267717
0.889764, 0.314961, 0.334646, 0.338583, 0.240157, 0.61811, 0.0826772, 0.476378, 0.129921, 0.838583
0.228346, 0.173228, 0.38189, 0.870079, 0.169291, 0.53937, 0.366142, 0.468504, 0.401575, 0.0472441
0.232283, 0.00787402, 0.854331, 0.377953, 0.527559, 0.397638, 0.011811, 0.795276, 0.503937, 0.818898
0.96063, 0.728346, 0.582677, 0.771654, 0.212598, 0.0433071, 0.586614, 0.708661, 0.433071, 0.46063
0.0433071, 0.015748, 0.102362, 0.015748, 0.996063, 0.307087, 0.0866142, 0.169291, 0.169291, 0.590551
0.53937, 0.129921, 0.76378, 0.582677, 0.102362, 0.366142, 0.814961, 0.149606, 0.519685, 0.877953
0.185039, 0.732283, 0.523622, 0.287402, 0.909449, 0.413386, 0.0905512, 0.15748, 0.228346, 0.0944882
0.948819, 0.0629921, 0.720472, 0.88189, 0.385827, 0.665354, 0.405512, 0.716535, 0.0708661, 0.771654
0.84252, 0.177165, 0.173228, 0.555118, 0.669291, 0.212598, 0.145669, 0.354331, 0.503937, 0.598425
0.503937, 0.870079, 0.755906, 0.775591, 0.69685, 0.937008, 0.633858, 0.866142, 0.929134, 0.566929
0.708661, 0.350394, 0.791339, 0.019685, 0.952756, 0.374016, 0.19685, 0.0708661, 0.015748, 0.811024
0.767717, 0.295276, 0.216535, 0.496063, 0.362205, 0.933071, 0.468504, 0.527559, 0.834646, 0.15748
0.484252, 0.177165, 0.917323, 0.893701, 0.330709, 0.968504, 0.570866, 0.0590551, 0.535433, 0.854331
0.023622, 0.551181, 0.566929, 0.110236, 0.566929, 0.862205, 0.681102, 0.165354, 0.228346, 0.905512
0.255906, 0.0787402, 0.228346, 0.177165, 0.61811, 0.15748, 0.00787402, 0.606299, 0.901575, 0.76378
0.795276, 0.0511811, 0.287402, 0.433071, 0.964567, 0.456693, 0.543307, 0.775591, 0.169291, 0.405512
0.114173, 0.322835, 0.992126, 0.0944882, 0.791339, 0.15748, 0.84252, 0.633858, 0.23622, 0.192913
0.46063, 0.165354, 0.944882, 0.456693, 0.204724, 0.311024, 0.61811, 0.787402, 0.11811, 0.409449
0.830709, 0.0669291, 0.543307, 0.96063, 0.775591, 0.551181, 0.456693, 0.0511811, 0.192913, 0.559055
0.015748, 0.507874, 0.232283, 0.0708661, 0.661417, 0.732283, 0.834646, 0.700787, 0.555118, 0.149606
0.76378, 0.0354331, 0.590551, 0.15748, 0.665354, 0.283465, 0.185039, 0.838583, 0.637795, 0.192913
0.0354331, 0.854331, 0.885827, 0.811024, 0.145669, 0.314961, 0.625984, 0.464567, 0.791339, 0.559055
0.19685, 0.744094, 0.76378, 0.590551, 0.200787, 0.996063, 0.862205, 0.433071, 0.551181, 0.933071
0.759843, 0.570866, 0.23622, 0.559055, 0.484252, 0.602362, 0.181102, 0.350394, 0.409449, 0.181102
0.862205, 0.244094, 0.456693, 0.929134, 0.637795, 0.0472441, 0.271654, 0.700787, 0.523622, 0.96063
0.598425, 0.507874, 0.574803, 0.586614, 0.968504, 0.901575, 0.354331, 0.940945, 0.988189, 0.665354
0.362205, 0.0748031, 0.413386, 0.0511811, 0.519685, 0.11811, 0.551181, 0.452756, 0.496063, 0.417323
0.590551, 0.602362, 0.358268, 0.944882, 0.972441, 0.212598, 0.948819, 0.661417, 0.185039, 0.791339
0.562992, 0.779528, 0.204724, 0.385827, 0.708661, 0.0314961, 0.744094, 0.767717, 0.00787402, 0.350394
0.976378, 0.964567, 0.224409, 0.543307, 0.26378, 0.370079, 0.0787402, 0.433071, 0.275591, 0.870079
0.822835, 0.34252, 0.0511811, 0.543307, 0.598425, 0.0826772, 0.192913, 0.023622, 0.318898, 0.00393701
0.015748, 0.456693, 0.755906, 0.649606, 0.0826772, 0.299213, 0.425197, 0.019685, 0.811024, 0.519685
0.933071, 0.692913, 0.287402, 0.503937, 0.523622, 0.468504, 0.830709, 0.0511811, 0.30315, 0.0669291
0.602362, 0.980315, 0.716535, 0.901575, 0.0748031, 0.543307, 0.145669, 0.401575, 0.566929, 0.940945
0.799213, 0.862205, 0.913386, 0.870079, 0.535433, 0.220472, 0.700787, 0.740157, 0.413386, 0.917323
0.88189, 0.535433, 0.708661, 0.350394, 0.625984, 0.484252, 0.69685, 0.322835, 0.358268, 0.011811
0.677165, 0.374016, 0.645669, 0.334646, 0.00393701, 0.0669291, 0.791339, 0.169291, 0.889764, 0.885827
0.976378, 0.224409, 0.716535, 0.0590551, 0.582677, 0.712598, 0.334646, 0.980315, 0.188976, 0.622047
0.996063, 0.0708661, 0.114173, 0.216535, 0.84252, 0.988189, 0.574803, 0.393701, 0.374016, 0.992126
0.543307, 0.574803, 0.244094, 0.149606, 0.145669, 0.417323, 0.814961, 0.38189, 0.889764, 0.19685
0.759843, 0.755906, 0.248031, 0.350394, 0.783465, 0.405512, 0.515748, 0.0275591, 0.917323, 0.346457
0.944882, 0.889764, 0.944882, 0.897638, 0.917323, 0.88189, 0.106299, 0.417323, 0.700787, 0.0393701
0.69685, 0.311024, 0.00787402, 0.940945, 0.299213, 0.622047, 0.877953, 0.401575, 0.893701, 0.295276
0.649606, 0.271654, 0.496063, 0.767717, 0.0905512, 0.0905512, 0.173228, 0.350394, 0.0669291, 0.712598
0.811024, 0.311024, 0.708661, 0.814961, 0.948819, 0.0629921, 0.106299, 0.314961, 0.346457, 0.015748
0.73622, 0.637795, 0.897638, 0.141732, 0.397638, 0.141732, 0.34252, 0.267717, 0.830709, 0.397638
0.110236, 0.633858, 0.535433, 0.53937, 0.476378, 0.913386, 0.232283, 0.271654, 0.0551181, 0.582677
0.307087, 0.598425, 0.893701, 0.267717, 0.996063, 0.232283, 0.0433071, 0.5, 0.208661, 0.448819
0.692913, 0.830709, 0.84252, 0.543307, 0.712598, 0.889764, 0.598425, 0.992126, 0.165354, 0.574803
0.972441, 0.716535, 0.870079, 0.771654, 0.913386, 0.26378, 0.562992, 0.0393701, 0.011811, 0.468504
0.964567, 0.96063, 0.34252, 0.767717, 0.204724, 0.173228, 0.00787402, 0.181102, 0.515748, 0.822835
0.937008, 0.681102, 0, 0.433071, 0.0748031, 0.165354, 0.728346, 0.212598, 0.0354331, 0.562992
0.275591, 0.0511811, 0.956693, 0.570866, 0.732283, 0.751969, 0.00393701, 0.755906, 0.870079, 0.637795
0.23622, 0.759843, 0.125984, 0.846457, 0.807087, 0.92126, 0.42126, 0.468504, 0.586614, 0.791339
0.0708661, 0.287402, 0.15748, 0.480315, 0.748031, 0.909449, 0.0511811, 0.401575, 0.0472441, 0.122047
0.555118, 0.720472, 0.724409, 0.669291, 0.846457, 0.161417, 0.732283, 0.484252, 0.956693, 0.917323
0.673228, 0.413386, 0.653543, 0.88189, 0.110236, 0.240157, 0.594488, 0.259843, 0.799213, 0.944882
0.145669, 0.692913, 0.192913, 0.311024, 0.488189, 0.00787402, 0.216535, 0, 0.425197, 0.287402
0.917323, 0.57874, 0.334646, 0.862205, 0.551181, 0.259843, 0.311024, 0.925197, 0.594488, 0.685039
0.299213, 0.57874, 0.413386, 0.216535, 0.535433, 0.0551181, 0.122047, 0.649606, 0.326772, 0.149606
0.606299, 0.11811, 0.645669, 0.0551181, 0.0314961, 0.0393701, 0.279528, 0.496063, 0.393701, 0.366142
0.137795, 0.456693, 0.397638, 0.507874, 0.464567, 0.866142, 0.807087, 0.940945, 0.73622, 0.0984252
0.5, 0.527559, 0.940945, 0.389764, 0.838583, 0.57874, 0.0944882, 0.173228, 0.858268, 0.862205
0.964567, 0.555118, 0.889764, 0.846457, 0.92126, 0.728346, 0.0314961, 0.425197, 0.65748, 0.0511811
0.669291, 0.181102, 0.531496, 0.858268, 0.192913, 0.610236, 0.519685, 0.767717, 0.80315, 0.866142
0.594488, 0.0669291, 0.606299, 0.708661, 0.472441, 0.433071, 0.834646, 0.42126, 0.740157, 0.69685
0.46063, 0.681102, 0.129921, 0.492126, 0.409449, 0.84252, 0.106299, 0.0511811, 0.811024, 0.397638
0.169291, 0.909449, 0.299213, 0.535433, 0.30315, 0.559055, 0.937008, 0.125984, 0.688976, 0.767717
0.913386, 0.688976, 0.0551181, 0.106299, 0.795276, 0.964567, 0.712598, 0.334646, 0.0590551, 0.137795
0.0708661, 0.818898, 0.228346, 0.208661, 0.011811, 0.562992, 0.212598, 0.224409, 0.700787, 0.940945
0.933071, 0.775591, 0.011811, 0.838583, 0.590551, 0.248031, 0.00787402, 0.362205, 0.543307, 0.972441
0.34252, 0.232283, 0.173228, 0.255906, 0.692913, 0.992126, 0.102362, 0.944882, 0.0787402, 0.19685
0.700787, 0.311024, 0.0590551, 0.429134, 0.779528, 0.590551, 0.366142, 0.708661, 0.870079, 0.73622
0.96063, 0.952756, 0.200787, 0.334646, 0.5, 0.212598, 0.133858, 0.598425, 0.200787, 0.448819
0.834646, 0.61811, 0.307087, 0.818898, 0.712598, 0.405512, 0.976378, 0.610236, 0.484252, 0.929134
0.0708661, 0.972441, 0.125984, 0.948819, 0.559055, 0.389764, 0.826772, 0.566929, 0.389764, 0.677165
0.850394, 0.492126, 0.346457, 0, 0.314961, 0.0669291, 0.688976, 0.318898, 0.854331, 0.629921
0.464567, 0.913386, 0.866142, 0.102362, 0.818898, 0.566929, 0.26378, 0.484252, 0.145669, 0.468504
0.38189, 0.0472441, 0.712598, 0.799213, 0.901575, 0.751969, 0.322835, 0.913386, 0.11811, 0.484252
0.511811, 0.374016, 0.582677, 0.633858, 0.692913, 0.192913, 0.468504, 0.791339, 0.744094, 0.850394
0.00787402, 0.275591, 0.452756, 0.0354331, 0.637795, 0.602362, 0.807087, 0.161417, 0.854331, 0.0354331
0.228346, 0.88189, 0.129921, 0.19685, 0.944882, 0.740157, 0.0905512, 0.129921, 0.771654, 0.0393701
0.185039, 0.76378, 0.133858, 0.295276, 0.137795, 0.720472, 0.708661, 0.307087, 0.787402, 0.822835
0.15748, 0.767717, 0.326772, 0.228346, 0.830709, 0.976378, 0.645669, 0.73622, 0.374016, 0.740157
0.625984, 0.452756, 0.73622, 0.374016, 0.814961, 0.38189, 0.645669, 0.775591, 0.11811, 0.69685
0.767717, 0.145669, 0.582677, 0.314961, 0.952756, 0.240157, 0.137795, 0.858268, 0.220472, 0.681102
0.330709, 0.0511811, 0.673228, 0.570866, 0.720472, 0.145669, 0.38189, 0.901575, 0.291339, 0.641732
0.110236, 0.897638, 0.814961, 0.456693, 0.26378, 0.610236, 0.791339, 0.409449, 0.212598, 0.574803
0.889764, 0.870079, 1, 0.688976, 0.641732, 0.830709, 0.748031, 0.188976, 0.610236, 0.271654
0.838583, 0.84252, 0.933071, 0.23622, 0.0984252, 0.417323, 0.791339, 0.417323, 0.23622, 0.708661
0.633858, 0.161417, 0.641732, 0.858268, 0.940945, 0.204724, 0.566929, 0.26378, 0.661417, 0.771654
0.496063, 0.0590551, 0.96063, 0.633858, 0.877953, 0.425197, 0.716535, 0.637795, 0.574803, 0.133858
0.779528, 0.314961, 0.015748, 0.181102, 0.850394, 0.496063, 0.114173, 0.0826772, 0.15748, 0.968504
0.338583, 0.299213, 0.984252, 0.933071, 0.114173, 0.629921, 0.19685, 0.732283, 0.661417, 0.531496
0.0472441, 0.106299, 0.314961, 0.787402, 0.275591, 0.244094, 0.775591, 0.19685, 0.122047, 0.850394
0.559055, 0.330709, 0.988189, 0.271654, 0.570866, 0.291339, 0.700787, 1, 0.377953, 0.547244
0.905512, 0.551181, 0.295276, 0.0669291, 0.181102, 0.0629921, 0.279528, 0.779528, 0.858268, 0.870079
0.468504, 0.244094, 0.366142, 0.251969, 0.917323, 0.846457, 0.00393701, 0.744094, 0.279528, 0.366142
0.952756, 0.940945, 0.874016, 0.354331, 0.413386, 0.527559, 0.0905512, 0.389764, 0.326772, 0.964567
0.181102, 0.00393701, 0.503937, 0.771654, 0.818898, 0.0748031, 0.988189, 0.0590551, 0.244094, 0.204724
0.5, 0.251969, 0.212598, 0.405512, 0.00393701, 0.925197, 0.114173, 0.720472, 0.318898, 0.165354
0.385827, 0.633858, 0.866142, 0.582677, 0.248031, 0.84252, 0.665354, 0.507874, 0.122047, 0.673228
0.0748031, 0.905512, 0.409449, 0.122047, 0.0669291, 0.019685, 0.838583, 0.574803, 0.346457, 0.814961
0.23622, 0.685039, 0.653543, 0.334646, 0.271654, 0.00787402, 0.685039, 0.728346, 0.724409, 0.23622
0.110236, 0.366142, 0.23622, 0.0826772, 0.622047, 0.472441, 0.46063, 0.492126, 0.728346, 0.622047
0.905512, 0.866142, 0.866142, 0.15748, 0.413386, 0.661417, 1, 0.283465, 0.527559, 0.0944882
0.0433071, 0.976378, 0.0275591, 0.240157, 0.523622, 0.019685, 0.267717, 0.271654, 0.377953, 0.712598
0.732283, 0.767717, 0.0984252, 0.204724, 0.0984252, 0.964567, 0, 0.972441, 0.925197, 0.996063
0.314961, 0.224409, 0.153543, 0.622047, 0.464567, 0.374016, 0.019685, 0.0590551, 0.374016, 0.472441
0.814961, 0.996063, 0.787402, 0.409449, 0.598425, 0.370079, 0.484252, 0.834646, 0.779528, 0.645669
0.574803, 0.346457, 0.307087, 0.574803, 0.80315, 0.866142, 0.291339, 0.980315, 0.0984252, 0.145669
0.838583, 0.913386, 0.346457, 0.586614, 0.84252, 0.598425, 0.34252, 0.885827, 0.188976, 0.507874
0.854331, 0.0984252, 0.692913, 0.0590551, 0.767717, 0.145669, 0.775591, 0.992126, 0.948819, 0.311024
0.220472, 0.96063, 0.283465, 0.444882, 0.232283, 0.625984, 0.980315, 0.496063, 0.866142, 0.562992
0.968504, 0.492126, 0.830709, 0.334646, 0.307087, 0.472441, 0.370079, 0.586614, 0.228346, 0.57874
0.38189, 0.523622, 0.141732, 0.551181, 0.570866, 0.023622, 0.799213, 0.704724, 0.228346, 0.925197
0.590551, 0.429134, 0.76378, 0.559055, 0.897638, 0.015748, 0.968504, 0.480315, 0.0708661, 0.38189
0.996063, 0.779528, 0.42126, 0.84252, 0.65748, 0.594488, 0.515748, 0.385827, 0.0629921, 0.980315
0.251969, 0.73622, 0.972441, 0.401575, 0.161417, 0.850394, 0.259843, 0.519685, 0.732283, 0.0590551
0.220472, 0.425197, 0.673228, 0.996063, 0.480315, 0.787402, 0.023622, 0.484252, 0.488189, 0.192913
0.625984, 0.377953, 0.992126, 0.76378, 0.0748031, 0.535433, 0.122047, 0.779528, 0.905512, 0.566929
0.551181, 0.614173, 0.594488, 0.992126, 0.0551181, 0.26378, 0.114173, 0.405512, 0.76378, 0.724409
0.0748031, 0.92126, 0.854331, 0.244094, 0.850394, 0.519685, 0.322835, 0.818898, 0.153543, 0.826772
0.185039, 0.15748, 0.275591, 0.279528, 0.622047, 0.283465, 0.330709, 0.527559, 0.622047, 0.366142
0.129921, 0.775591, 0.0354331, 0.708661, 0.307087, 0.496063, 0.984252, 0.413386, 0.34252, 0.173228
0.125984, 0.224409, 0.641732, 0.905512, 0.822835, 0.551181, 0.283465, 0.929134, 0.877953, 0.73622
0.149606, 0.874016, 0.374016, 0.0275591, 0.814961, 0.669291, 0.728346, 0.799213, 0.318898, 0.476378
0.688976, 0.716535, 0.688976, 0.299213, 0.685039, 0.0433071, 0.870079, 0.964567, 0.279528, 0.933071
0.909449, 0.161417, 0.0393701, 0.940945, 0.307087, 0.259843, 0.26378, 0.933071, 0.129921, 0.913386
0.188976, 0.0551181, 0.114173, 0.417323, 0.811024, 0.401575, 0.740157, 0.34252, 0.80315, 0.602362
0.437008, 0.952756, 0.283465, 0.397638, 0.314961, 0.366142, 0.822835, 0.216535, 0.397638, 0.622047
0.161417, 0.933071, 0.673228, 0.948819, 0.57874, 0.69685, 0.96063, 0.0511811, 0.417323, 0.409449
0.433071, 0.988189, 0.480315, 0.633858, 0.807087, 0.0275591, 0.224409, 0.641732, 0.724409, 0.799213
0.858268, 0.0511811, 0.838583, 0.814961, 0.610236, 0.661417, 0.0354331, 0.897638, 0.0393701, 0.322835
0.492126, 0.688976, 0.76378, 0.807087, 0.204724, 0.65748, 0.681102, 0.492126, 0.0393701, 0.909449
0.425197, 0.826772, 0.61811, 0.34252, 0.200787, 0.30315, 0.0590551, 0.964567, 0.669291, 0.385827
0.559055, 0.23622, 0.417323, 0.811024, 0.472441, 0.826772, 0.106299, 0.720472, 0.751969, 0.137795
0.645669, 0.76378, 0.362205, 0.417323, 0.610236, 0.976378, 0.988189, 0.110236, 0.992126, 0.0511811
0.976378, 0.874016, 0.751969, 0.208661, 0.192913, 0.326772, 0.76378, 0.866142, 0.716535, 0.653543
0.688976, 0.0984252, 0.952756, 0.417323, 0.385827, 0.354331, 0.641732, 0.350394, 0.92126, 0.496063
0.822835, 0.582677, 0.409449, 0.637795, 0.141732, 0.42126, 0.602362, 0.598425, 0.984252, 0.0472441
0.330709, 0.511811, 0.866142, 0.240157, 0.444882, 0.0433071, 0.755906, 0.944882, 0.350394, 0.889764
0.543307, 0.523622, 0.531496, 0.401575, 0.830709, 0.76378, 0.901575, 0.972441, 0.409449, 0.917323
0.834646, 0.299213, 0.685039, 0.307087, 0.645669, 0.830709, 0.350394, 0.503937, 0.023622, 0.362205
0.46063, 0.326772, 0.165354, 0.893701, 0.019685, 0.846457, 0.645669, 0.232283, 0.480315, 0.248031
0.0984252, 0.984252, 0.354331, 0.913386, 0.830709, 0.767717, 0.767717, 0.358268, 0.996063, 0.685039
0.366142, 0.287402, 0.330709, 0.251969, 0.267717, 0.988189, 0.76378, 0.326772, 0.181102, 0.92126
0.0944882, 0.0472441, 0.566929, 0.645669, 0.0984252, 0.909449, 0.393701, 0.728346, 0.956693, 0.425197
0.346457, 0.88189, 0.964567, 0.401575, 0.807087, 0.984252, 0.299213, 0.940945, 0.681102, 0.574803
0.15748, 0.893701, 0.181102, 0.0787402, 0.275591, 0.34252, 0.980315, 0.283465, 0.610236, 0.807087
0.0787402, 0.566929, 0.925197, 0.153543, 0.397638, 0.948819, 0.944882, 0.724409, 0.53937, 0.547244
0.744094, 0.295276, 0.374016, 0.988189, 0.732283, 0.874016, 0.972441, 0.712598, 0.614173, 0.00393701
0.952756, 0.708661, 0.334646, 0.889764, 0.188976, 0.700787, 0.488189, 0.00393701, 0.515748, 0.858268
0.625984, 0.0472441, 0.787402, 0.19685, 0.622047, 0.102362, 0.0275591, 0.114173, 0.322835, 0.11811
0.208661, 0.748031, 0.362205, 0.011811, 0.370079, 0.649606, 0.992126, 0.42126, 0.165354, 0.669291
0.476378, 0.830709, 0.893701, 0.165354, 0.850394, 0.566929, 0.366142, 0.940945, 0.440945, 0.570866
0.0590551, 0.228346, 0.787402, 0.779528, 0.716535, 0.433071, 0.885827, 0.527559, 0.854331, 0.523622
0.523622, 0.84252, 0.905512, 0.822835, 0.429134, 0.937008, 0.0984252, 0.992126, 0.444882, 0.531496
0.133858, 0.73622, 0.15748, 0.366142, 0.0354331, 0.0944882, 0.5, 0.488189, 0.84252, 0.259843
0.125984, 0.681102, 0.740157, 0.102362, 0.192913, 0.633858, 0.704724, 0.366142, 0.397638, 0.519685
0.106299, 0.562992, 0.370079, 0.188976, 0.30315, 0.712598, 0.590551, 0.787402, 0.181102, 0.448819
0.940945, 0.814961, 0.940945, 0.259843, 0.23622, 0.724409, 0.023622, 0.307087, 0.488189, 0.637795
0.562992, 0.46063, 0.535433, 0.311024, 0.767717, 0.53937, 0.0984252, 0.515748, 0.700787, 0.775591
0.366142, 0.988189, 0.0629921, 0.992126, 0.291339, 0.984252, 0.724409, 0.0472441, 0.732283, 0.523622
0.712598, 0.11811, 0.744094, 0.358268, 0.188976, 0.30315, 1, 0.023622, 0.0826772, 0.874016
0.917323, 0.311024, 0.456693, 0.145669, 0.0826772, 0.362205, 0.185039, 0.925197, 0, 0.503937
0.0590551, 0.925197, 0.858268, 0.787402, 0.0393701, 0.444882, 0.724409, 0.488189, 0.110236, 0.57874
0.279528, 0.0551181, 0.61811, 0.307087, 0.531496, 0.295276, 0.610236, 0.933071, 0.248031, 0.964567
0.385827, 0.472441, 1, 0.598425, 0.149606, 0.476378, 0.468504, 0.704724, 0.515748, 0.653543
0.165354, 0.531496, 0.0433071, 0.216535, 0.740157, 0.988189, 0.854331, 0.818898, 0.385827, 0.228346
0.937008, 0.440945, 0.173228, 0.716535, 0.188976, 0.582677, 0.877953, 0.271654, 0.496063, 0.673228
0.397638, 0.15748, 0.901575, 0.440945, 0.933071, 0.925197, 0.0669291, 0.92126, 0.259843, 0.586614
0.791339, 0.468504, 0.751969, 0.527559, 0.870079, 0.712598, 0.854331, 0.129921, 0.653543, 0.476378
0.00787402, 0.716535, 0.161417, 0.464567, 0.956693, 0.0314961, 0.807087, 0.433071, 0.110236, 0.137795
0.0433071, 0.551181, 0.673228, 0.944882, 0.11811, 0.937008, 0.129921, 0.877953, 0.019685, 0.661417
0.0551181, 0.011811, 0.283465, 0.397638, 0.893701, 0.720472, 0.271654, 0.889764, 0.814961, 0.433071
0.0275591, 0.216535, 0.346457, 0.145669, 0.370079, 0.208661, 0.551181, 0.555118, 0.433071, 0.496063
0.633858, 0.830709, 0.34252, 0.755906, 0.370079, 0.232283, 0.728346, 0.311024, 0.594488, 0.0393701
0.767717, 0.677165, 0.850394, 0.700787, 0.472441, 0.15748, 0.177165, 0.318898, 0.0551181, 0.649606
0.732283, 0.389764, 0.992126, 1, 0.972441, 0.0669291, 0.224409, 0.259843, 0.279528, 0.322835
0.354331, 0.0787402, 0.0275591, 0.0511811, 0.80315, 0.685039, 0.149606, 0, 0.874016, 0.437008
0.559055, 0.129921, 0.0708661, 0.279528, 0.0944882, 0.992126, 0.818898, 0.937008, 0.909449, 0.948819
0.0708661, 0.0551181, 0.755906, 0.0826772, 0.893701, 0.488189, 0.401575, 0.385827, 0.826772, 0.645669
0.929134, 0.275591, 0.799213, 0.645669, 0.125984, 0.330709, 0.129921, 0.783465, 0.88189, 0.299213
0.854331, 0.559055, 0.84252, 0.582677, 0.358268, 0.834646, 0.73622, 0.102362, 0.937008, 0.622047
0.606299, 0.767717, 0.917323, 0.0866142, 0.00787402, 0.255906, 0.795276, 0.716535, 0.681102, 0.0433071
0.862205, 0.606299, 0.232283, 0.893701, 0.645669, 0.88189, 0.0275591, 0.846457, 0.685039, 0.488189
0.00393701, 0.019685, 0.88189, 0.0944882, 0.287402, 0.220472, 0.149606, 0.606299, 0.129921, 0.996063
0.69685, 0.0708661, 0.0629921, 0.34252, 0.818898, 0.106299, 0.251969, 0.15748, 0.744094, 0.141732
0.208661, 0.472441, 0.110236, 0.944882, 0.480315, 0.122047, 0.145669, 0.610236, 0.484252, 0.84252
0.602362, 0.507874, 0.69685, 0.188976, 0.685039, 0.937008, 0.716535, 0.956693, 0.169291, 0.645669
0.177165, 0.0629921, 0.362205, 0.822835, 0.417323, 0.622047, 0.649606, 0.964567, 0.622047, 1
0.496063, 0.976378, 0.594488, 0.795276, 0.633858, 0.535433, 0.795276, 0.897638, 0.940945, 0.515748
0.181102, 0.901575, 0.291339, 0.102362, 0.673228, 0.433071, 0.200787, 0.177165, 0.503937, 0.88189
0.732283, 0.0511811, 0.913386, 0.523622, 0.830709, 0.0275591, 0.65748, 0.46063, 0.866142, 0.503937
0.870079, 0.354331, 0.73622, 0.740157, 0.334646, 0.547244, 0.854331, 0.870079, 0.755906, 0.129921
0.0669291, 1, 0.224409, 0.456693, 0.606299, 0.748031, 0.523622, 0.220472, 0.767717, 0.0905512
0.901575, 0.84252, 0.26378, 0.0314961, 0.366142, 0.704724, 0.720472, 0.523622, 0.952756, 0.484252
0.169291, 0.787402, 0.023622, 0.649606, 0.570866, 0.0354331, 0.165354, 0.137795, 0.472441, 0.271654
0.559055, 0.653543, 0.133858, 0.543307, 0.0354331, 0.649606, 0.169291, 0.0354331, 0.413386, 0.0511811
0.19685, 0.625984, 0.232283, 0.106299, 0.42126, 0.980315, 0.185039, 0.909449, 0.440945, 0.440945
0.692913, 0.299213, 0.988189, 0.0669291, 0.755906, 0.338583, 0.570866, 0.637795, 0.185039, 0.472441
0.23622, 0.771654, 0.358268, 0.476378, 0.122047, 0.0511811, 0.0629921, 0.181102, 0.562992, 0.444882
0.685039, 0.125984, 0.69685, 0.929134, 0.751969, 0.358268, 0.311024, 0.992126, 0.933071, 0.720472
0.165354, 0.913386, 0.248031, 0.169291, 0.732283, 0.397638, 0.385827, 0.0708661, 0.724409, 0.307087
0.488189, 0.641732, 0.338583, 0.409449, 0.720472, 0.0984252, 0.996063, 0.385827, 0.370079, 0.559055
0.692913, 0.362205, 0.673228, 0.685039, 0.838583, 0.562992, 0.433071, 0.527559, 0.65748, 0.255906
0.291339, 0.307087, 0.173228, 0.673228, 0.901575, 0.5, 0.169291, 0.610236, 0.413386, 0.0944882
0.232283, 0.287402, 0.913386, 0.598425, 0.397638, 0.665354, 0.933071, 0.901575, 0.322835, 0.551181
0.110236, 0.0354331, 0.291339, 0.877953, 0.61811, 0.972441, 0.38189, 0.681102, 0.496063, 0.0669291
0.751969, 0.181102, 0.799213, 0.377953, 0.653543, 0.799213, 0.562992, 0.531496, 0.141732, 0.76378
0.0944882, 0.42126, 0.0708661, 0.937008, 0.216535, 0.405512, 0.590551, 0.385827, 0.456693, 0.141732
0.393701, 0.275591, 0.279528, 0.330709, 0.681102, 0.338583, 0.858268, 0.80315, 0.811024, 0.322835
0.917323, 0.385827, 0.362205, 0.0905512, 0.559055, 0.429134, 0.783465, 0.909449, 0.649606, 0.523622
0.326772, 0.0551181, 0.114173, 0.901575, 0.984252, 0.0590551, 0.633858, 0.0354331, 0.925197, 0.755906
0.11811, 0.767717, 0.503937, 0.011811, 0.153543, 0.937008, 0.826772, 0.688976, 0.200787, 0.830709
0.889764, 0.0944882, 0.984252, 0.716535, 0.96063, 0.637795, 0.346457, 0.220472, 0.555118, 0.330709
0.889764, 0.610236, 0.787402, 0.370079, 0.251969, 0.314961, 0.0314961, 0.0905512, 0.011811, 0.901575
0.692913, 0.444882, 0.173228, 0.645669, 0.791339, 0.653543, 0.444882, 0.173228, 0.673228, 0.673228
0.26378, 0.527559, 0.980315, 0.889764, 0.224409, 0.429134, 0.19685, 0.283465, 0.681102, 0.976378
0.645669, 0.0275591, 0.440945, 0.30315, 0.893701, 0.980315, 0.492126, 0.220472, 0.444882, 0.232283
0.362205, 0.590551, 0.244094, 0.145669, 0.948819, 0.374016, 0.649606, 0.0354331, 0.464567, 0.488189
0.326772, 0.00393701, 0.259843, 0.57874, 0.251969, 0.984252, 0.748031, 0.976378, 0.0748031, 0.669291
0.984252, 0.543307, 0.728346, 0.397638, 0.948819, 0.751969, 0.732283, 0.992126, 0.716535, 0.429134
0.566929, 0.641732, 0.858268, 0.204724, 0.19685, 0.232283, 0.96063, 0.925197, 0.307087, 0.933071
0.413386, 0.0590551, 0.334646, 0.275591, 0.692913, 0.0590551, 0.468504, 0.582677, 0.637795, 0.724409
0.110236, 0.708661, 0.216535, 0.015748, 0.232283, 0.57874, 0.188976, 0.586614, 0.562992, 0.905512
0.96063, 0.200787, 0.740157, 0, 0.425197, 0.145669, 0.976378, 0.385827, 0.744094, 0.279528
0.771654, 0.527559, 0.704724, 0.700787, 0.732283, 0.295276, 0.535433, 0.562992, 0.669291, 0.586614
0.429134, 0.566929, 0.720472, 0.570866, 0.96063, 0.570866, 0.641732, 0.779528, 0.362205, 0.677165
0.944882, 0.84252, 0.972441, 0.53937, 0.38189, 0.492126, 0.393701, 0.862205, 0.503937, 0.795276
0.661417, 0.732283, 0.444882, 0.208661, 0.0629921, 0.468504, 0.740157, 0.720472, 0.661417, 0.212598
0.535433, 0.413386, 0.877953, 0.173228, 0.15748, 0.551181, 0.84252, 0.224409, 0.106299, 0.944882
0.73622, 0.185039, 0.80315, 0.38189, 0.625984, 0.181102, 0.0905512, 0.929134, 0.425197, 0.665354
0.767717, 0.279528, 0.259843, 0.838583, 0.401575, 0.311024, 0.405512, 0.874016, 0.88189, 0.188976
0.846457, 0.220472, 0.161417, 0.311024, 0.73622, 0.893701, 0.830709, 0.464567, 0.937008, 0.893701
0.566929, 0.311024, 0.330709, 0.846457, 0.889764, 0.787402, 0.685039, 0.984252, 0.42126, 0.34252
0.846457, 0.503937, 0.326772, 0.913386, 0.165354, 0.413386, 0.732283, 0.389764, 0.511811, 0
0.625984, 0.472441, 0.606299, 0.370079, 0.299213, 0.330709, 0.354331, 0.748031, 0.535433, 0.401575
0.704724, 0.822835, 0, 0.23622, 0.0944882, 0.96063, 0.34252, 0.527559, 0.606299, 0.76378
0.11811, 0.76378, 0.724409, 0.0629921, 0.228346, 0.0826772, 0.0669291, 0.354331, 0.405512, 0.795276
0.787402, 0.688976, 0.759843, 0.948819, 0.267717, 0.952756, 0.519685, 0.232283, 0.862205, 0.728346
0.0275591, 0.0708661, 0.0433071, 0.429134, 0.645669, 0.011811, 0.582677, 0.275591, 0.744094, 0.598425
0.838583, 0.614173, 0.649606, 0.933071, 0.818898, 0.712598, 0.311024, 0.0472441, 0.5, 0.444882
0.507874, 0.688976, 0.523622, 0.791339, 0.665354, 0.145669, 0.874016, 0.015748, 0.405512, 0.173228
0.602362, 0.023622, 0.629921, 0.653543, 0.523622, 0.177165, 0.795276, 0.559055, 0.956693, 0.88189
0.850394, 0.69685, 0.153543, 0.704724, 0.283465, 0.925197, 0.535433, 0.228346, 0.23622, 0.948819
0.531496, 0.19685, 0.26378, 0.141732, 0.346457, 0.850394, 0.244094, 0.326772, 0.740157, 0.590551
0.401575, 0.299213, 0.295276, 0.992126, 0.433071, 0.795276, 0.685039, 0.5, 0.992126, 0.755906
0.322835, 0.165354, 0.716535, 0.358268, 0.472441, 0.818898, 0.11811, 0.023622, 0.19685, 0.598425
0.531496, 0.511811, 0.909449, 0.681102, 0.0787402, 0.464567, 0.389764, 0.326772, 0.996063, 0.251969
0.322835, 0.314961, 0.456693, 0.511811, 0.122047, 0.370079, 0.76378, 0.665354, 0.566929, 0.834646
0.893701, 0.586614, 0.818898, 0.799213, 0.622047, 0.5, 0.783465, 0.11811, 0.933071, 0.5
0.149606, 0.389764, 0.933071, 0.80315, 0.346457, 0.228346, 0.255906, 0.826772, 0.204724, 0.586614
0.826772, 0.685039, 0.692913, 0.574803, 0.0511811, 0.0275591, 0.854331, 0.700787, 0.0866142, 0.775591
0.444882, 0.956693, 0.73622, 0.307087, 0.818898, 0.492126, 0.653543, 0.287402, 0.248031, 0.917323
0.724409, 0.759843, 0.669291, 0.866142, 0.228346, 0.267717, 0.362205, 0.507874, 0.370079, 0.850394
0.30315, 0.933071, 0.114173, 0.992126, 0.405512, 0.161417, 0.641732, 0.141732, 0.228346, 0.909449
0.358268, 0.133858, 0.019685, 0.0866142, 0.866142, 0.53937, 0.00787402, 0.755906, 0.0826772, 0.429134
0.440945, 0.30315, 0.700787, 0.885827, 0.787402, 0.173228, 0.0708661, 0.417323, 0.559055, 0.295276
0.748031, 0.307087, 0.913386, 0.318898, 0.814961, 0.106299, 0.905512, 0.30315, 0.188976, 0.543307
0.826772, 0.795276, 0.244094, 0.547244, 0.775591, 0.283465, 0.507874, 0.811024, 0.590551, 0.338583
0.145669, 0.909449, 0.0472441, 0.692913, 0.389764, 0.665354, 0.850394, 0.0669291, 0.413386, 0.767717
0.0354331, 0.279528, 0.996063, 0.53937, 0.255906, 0.708661, 0.598425, 0.0905512, 0.992126, 0.775591
0.732283, 0.0511811, 0.0511811, 0.582677, 0.452756, 0.417323, 0.456693, 0.712598, 0.629921, 0.889764
0.65748, 0.397638, 0.326772, 0.0866142, 0.551181, 0.586614, 0.547244, 0.818898, 0.775591, 0.129921
0.610236, 0.531496, 0.5, 0.535433, 0.755906, 0.653543, 0.877953, 0.015748, 0, 0.665354
0.96063, 0.614173, 0.188976, 0.830709, 0.476378, 0.728346, 0.956693, 0.645669, 0.854331, 0.688976
0.523622, 0.952756, 0.507874, 0.909449, 0.531496, 0.440945, 0.11811, 0.255906, 0.0275591, 0.688976
0.393701, 0.0905512, 0.744094, 0.503937, 0.137795, 0.582677, 0.472441, 0.125984, 0.279528, 0.0748031
0.767717, 0.169291, 0.429134, 0.779528, 0.393701, 0.84252, 0.173228, 0.570866, 0.535433, 0.834646
0.909449, 0.645669, 0.925197, 0.57874, 0.885827, 0.232283, 0.606299, 0.720472, 0.377953, 0.759843
0.129921, 0.984252, 0.893701, 0.905512, 0.720472, 0.937008, 0.452756, 0.732283, 0.362205, 0.488189
0, 0.53937, 0.96063, 0.866142, 0.929134, 0.92126, 0.897638, 0.688976, 0.299213, 0.311024
0.417323, 0.771654, 0.38189, 0.00787402, 0.240157, 0.692913, 0.338583, 0.586614, 0.850394, 0.850394
0.846457, 0.137795, 0.34252, 0.125984, 0.641732, 0.559055, 0.893701, 0.574803, 0.625984, 0.779528
0.507874, 0.53937, 0.366142, 0.57874, 0.0551181, 0.708661, 0.933071, 0.570866, 0.972441, 0.0314961
0.0905512, 0.531496, 0.129921, 0.397638, 0.023622, 0.748031, 0.322835, 0.956693, 0.503937, 0.791339
0.65748, 0.137795, 0.122047, 0.366142, 0.586614, 0.937008, 0.145669, 0.566929, 0.61811, 0.106299
0.0590551, 0.582677, 0.5, 0.590551, 0.385827, 0.374016, 0.590551, 0.433071, 0.346457, 0.358268
0.846457, 0.318898, 0.799213, 0.476378, 0.440945, 0.53937, 0.267717, 0.826772, 0.228346, 0.531496
0.507874, 0.515748, 0.240157, 0.251969, 0.649606, 0.42126, 0.637795, 0.692913, 0.295276, 0.547244
0.295276, 0.783465, 0.653543, 0.019685, 0.46063, 0.834646, 0.531496, 0.96063, 0.433071, 0.0629921
0.362205, 0.862205, 0.0551181, 0.354331, 0.259843, 0.551181, 0.354331, 0.751969, 0.992126, 0.681102
0.73622, 0.704724, 0.976378, 0.681102, 0.692913, 0.161417, 0.523622, 0.0551181, 0.334646, 0.433071
0.996063, 0.19685, 0.440945, 0.92126, 0.850394, 0.480315, 0.240157, 0.00393701, 0.110236, 0.854331
0.30315, 0.5, 0.515748, 0.212598, 0.385827, 0.594488, 0.625984, 0.192913, 0.0669291, 0.952756
0.787402, 0.476378, 0.913386, 0.940945, 0.129921, 0.307087, 0.527559, 0.976378, 0.0354331, 0.834646
0.645669, 0.996063, 0.46063, 0.992126, 0.488189, 0.913386, 0.291339, 0.96063, 0.944882, 0.212598
0.0275591, 0.728346, 0.547244, 0.34252, 0.511811, 0.318898, 0.38189, 0.767717, 0.771654, 0.405512
0.334646, 0.547244, 0.34252, 0.366142, 0.901575, 0.870079, 0.295276, 0.240157, 0.688976, 0.559055
0.38189, 0.877953, 0.566929, 0.0393701, 0.531496, 0.248031, 0.858268, 0.326772, 0.551181, 0.0944882
0.535433, 0.374016, 0.73622, 0.472441, 0.0787402, 0.141732, 0.901575, 0.0275591, 0.846457, 0.755906
0.00393701, 0.488189, 0.590551, 0.0905512, 0.744094, 0.885827, 0.633858, 0.779528, 0.866142, 0.574803
0.011811, 0.169291, 0.948819, 0.192913, 0.188976, 0.397638, 0.547244, 0.759843, 0.712598, 0.377953
0.133858, 0.88189, 0.669291, 0.913386, 0.614173, 0.129921, 0.188976, 0.153543, 0.11811, 0.96063
0.23622, 0.692913, 0.0393701, 0.318898, 0.645669, 0.84252, 0.255906, 0.649606, 0.161417, 0.110236
0.559055, 0.165354, 0.358268, 0.417323, 0.870079, 0.755906, 0.929134, 0.208661, 0.559055, 0.350394
0.0551181, 0.905512, 0.925197, 0.011811, 0.685039, 0.944882, 0.507874, 0.322835, 0.515748, 0.314961
0.440945, 0.602362, 0.73622, 0.397638, 0.440945, 0.0275591, 0.700787, 0.76378, 0.566929, 0.854331
0.96063, 0.255906, 0.88189, 0.200787, 0.216535, 0.0629921, 0.338583, 0.192913, 0.826772, 0.755906
0.92126, 0.480315, 0.015748, 0.551181, 0.255906, 0.897638, 0.259843, 0.0393701, 0.0551181, 0.700787
0.547244, 0.019685, 0.704724, 0.468504, 0.350394, 0.212598, 0.397638, 0.19685, 0.73622, 0.0826772
0.917323, 0.374016, 0.248031, 0.374016, 0.937008, 0.830709, 0.0905512, 0.444882, 0.389764, 0.590551
0.744094, 0.582677, 0.925197, 0.476378, 0.897638, 0.145669, 0.0826772, 0.267717, 0.598425, 0.291339
0.972441, 0.637795, 0.354331, 0.551181, 0.110236, 0.26378, 0.688976, 0.570866, 0.429134, 0.0787402
0.606299, 0.775591, 0.799213, 0.586614, 0.283465, 0.96063, 0.133858, 0.216535, 0.850394, 0.240157
0.019685, 0.448819, 0.625984, 0.370079, 0.822835, 0.149606, 0.602362, 0.688976, 0.665354, 0.437008
0.917323, 0.724409, 0.562992, 0.295276, 0.787402, 0.933071, 0.57874, 0.870079, 0.287402, 0.208661
0.188976, 0.555118, 0.019685, 0.527559, 0.0511811, 0.0472441, 0.622047, 0.633858, 0.0511811, 0.629921
0.913386, 0.905512, 0.023622, 0.688976, 0.425197, 0.456693, 0.791339, 0.523622, 0.889764, 0.562992
0.307087, 0.0354331, 0.531496, 0.771654, 0.984252, 0.114173, 0.161417, 0.744094, 0.299213, 0.937008
0.102362, 0.980315, 0.472441, 0.625984, 0.996063, 0.964567, 0.622047, 0.468504, 0.0787402, 0.456693
0.84252, 0.5, 0.720472, 0.858268, 0.700787, 0.649606, 0.645669, 0.114173, 0.468504, 0.96063
0.838583, 0.535433, 0.732283, 0.0629921, 0.314961, 0.0984252, 0.590551, 0.30315, 0.452756, 0.19685
0.0629921, 0.295276, 0.496063, 0.161417, 0.244094, 0.614173, 0.685039, 0.165354, 0.433071, 0.0393701
0.511811, 0.527559, 0.401575, 0.0314961, 0.114173, 0.425197, 0.909449, 0.614173, 0.940945, 0.244094
0.299213, 0.980315, 0.80315, 0.271654, 0.023622, 0.405512, 0.980315, 0.826772, 0.625984, 0.110236
0.413386, 0.929134, 0.34252, 0.874016, 0.279528, 0.783465, 0.992126, 0.125984, 0.901575, 0.976378
0.275591, 0.169291, 0.0590551, 0.720472, 0.015748, 0.559055, 0.862205, 0.535433, 0.909449, 0.826772
0.531496, 0.476378, 0.511811, 0.641732, 0.791339, 0.740157, 0.330709, 0.787402, 0.488189, 0.0944882
0.795276, 0.456693, 0.622047, 0.464567, 0.429134, 0.358268, 0.511811, 0.413386, 0.889764, 0.775591
0.826772, 0.614173, 0.413386, 0.807087, 0.0708661, 0.610236, 0.555118, 0.602362, 0.905512, 0.598425
0.496063, 0.429134, 0.866142, 0.586614, 0.633858, 0.53937, 0.200787, 0.858268, 0.511811, 0.0826772
0.948819, 0.287402, 0.720472, 0.429134, 0.822835, 0.244094, 0.173228, 0.177165, 0.0393701, 0.153543
0.641732, 0.122047, 0.181102, 0.925197, 0.944882, 0.559055, 0.543307, 0.181102, 0.720472, 0.503937
0.295276, 0.944882, 0.811024, 0.767717, 0.992126, 0.350394, 0.870079, 1, 0.149606, 0.0708661
0.287402, 0.00787402, 0.346457, 0.720472, 0.0826772, 0.129921, 0.602362, 0.562992, 0.0905512, 0.952756
0.228346, 0.988189, 0.358268, 0.153543, 0.807087, 0.602362, 0.287402, 0.397638, 0.338583, 0.653543
0.185039, 0.385827, 0.0354331, 0.76378, 0.153543, 0.787402, 0.826772, 0.11811, 0.110236, 0.177165
0.413386, 0.255906, 0.858268, 0.192913, 0.940945, 0.716535, 0.129921, 0.362205, 0.913386, 0.905512
0.358268, 0.011811, 0.488189, 0.129921, 0.330709, 0.0314961, 0.740157, 0.980315, 0.669291, 0.200787
0.19685, 0.688976, 0.244094, 0.204724, 1, 0.692913, 0.413386, 0.688976, 0.374016, 0.346457
0.417323, 0.11811, 0.570866, 0.0629921, 0.633858, 0.192913, 0.507874, 0.590551, 0.870079, 0.559055
0.173228, 0.0905512, 0.464567, 0.220472, 0.492126, 0.972441, 0.488189, 0.228346, 0.503937, 0.232283
0.145669, 0.748031, 0.334646, 0.401575, 0.299213, 0.456693, 0.188976, 0.307087, 0.366142, 0.625984
0.830709, 0.53937, 0.0629921, 0.889764, 0.295276, 0.964567, 0.0275591, 0.385827, 0.925197, 0.0826772
0.255906, 0.488189, 0.874016, 0.425197, 0.0472441, 0.933071, 0.814961, 0.826772, 0.692913, 0.984252
0.0866142, 0.314961, 0.0866142, 0.80315, 0.862205, 0.964567, 0.771654, 0.185039, 0.0433071, 0.555118
0.507874, 0.704724, 0.669291, 0.976378, 0.468504, 0.858268, 0.448819, 0.208661, 0.244094, 0.405512
0.19685, 0.224409, 0.0629921, 0.629921, 0.149606, 0.448819, 0.279528, 0.0275591, 0.291339, 0.448819
0.818898, 0.204724, 0.204724, 0.0433071, 0.0433071, 0.653543, 0.598425, 0.0275591, 0.34252, 0.393701
0.464567, 0.38189, 0.724409, 0.019685, 0.354331, 0.275591, 0.893701, 0.216535, 0.57874, 0.531496
0.153543, 0.228346, 0.870079, 0.232283, 0.224409, 0.535433, 0.653543, 0.559055, 0.744094, 0.42126
0.984252, 0.712598, 0.956693, 0.472441, 0.322835, 0.0275591, 0.854331, 0.366142, 0.76378, 0.0826772
0.023622, 0.200787, 0.468504, 0.405512, 0.204724, 0.940945, 0.153543, 0.255906, 0.338583, 0.877953
0.555118, 0.688976, 0.543307, 0.590551, 0.535433, 0.854331, 0.964567, 0.838583, 0.933071, 0.295276
0.291339, 0.023622, 0.433071, 0.248031, 0.515748, 0.503937, 0.80315, 0.464567, 0.318898, 0.338583
1, 0.814961, 0.409449, 0.145669, 0.0944882, 0.496063, 0.744094, 0.602362, 0.279528, 0.559055
0.649606, 0.712598, 0.771654, 0.69685, 0.779528, 0.76378, 0.34252, 0.866142, 0.468504, 0.602362
0.011811, 0.507874, 0.397638, 0.496063, 0.42126, 0.26378, 0.0314961, 0.0905512, 0.65748, 0.712598
0.622047, 0.712598, 0.677165, 0.0511811, 0.748031, 0.590551, 0.744094, 0.334646, 0.366142, 0.708661
0.720472, 0.748031, 0.807087, 0.456693, 0.413386, 0.700787, 0.0944882, 0.444882, 0.248031, 0.944882
0.177165, 0.519685, 0.598425, 0.929134, 0.515748, 0.712598, 0.850394, 0.393701, 0.433071, 0.775591
0.397638, 0.295276, 0.326772, 0.0314961, 0.598425, 0.350394, 0.53937, 0.133858, 0.732283, 0.669291
0.751969, 0.358268, 0.125984, 0.641732, 0.125984, 0.0866142, 0.267717, 0.330709, 0.807087, 0.401575
0, 0.700787, 0.744094, 0.933071, 0.34252, 0.0511811, 0.153543, 0.688976, 0.23622, 0.181102
0.330709, 0.96063, 0.641732, 0.791339, 0.708661, 0.818898, 0.622047, 0.704724, 0.19685, 0.0787402
0.547244, 0.200787, 0.354331, 0.23622, 0.972441, 0.559055, 0.76378, 0.149606, 0.42126, 0.34252
0.744094, 0.338583, 0.165354, 0.417323, 0.523622, 0.42126, 0.377953, 0.787402, 0.645669, 0.173228
0.161417, 0.141732, 0.917323, 0.0669291, 0.0511811, 0.488189, 0.811024, 0.15748, 0.38189, 0.307087
0.507874, 0.988189, 0.208661, 0.374016, 0.937008, 0.976378, 0.283465, 0.0787402, 0.830709, 0.866142
0.590551, 0.472441, 0.0984252, 0.472441, 0.137795, 0.437008, 0.933071, 0.0629921, 0.905512, 0.598425
0.326772, 0.350394, 0.590551, 0.653543, 0.476378, 0.366142, 0.015748, 0.440945, 0.610236, 0.440945
0.0314961, 0.614173, 0.110236, 0, 0.23622, 0.393701, 0.511811, 0.212598, 0.992126, 0.704724
0.901575, 0.850394, 0.259843, 0.732283, 0.704724, 0.996063, 0.598425, 0.0590551, 0.425197, 0.73622
0.586614, 0.129921, 0.799213, 0.318898, 0.649606, 0.535433, 0.484252, 0.88189, 0.641732, 0.602362
0.535433, 0.496063, 0.0354331, 0.480315, 0.968504, 0.165354, 0.692913, 0.291339, 0.964567, 0.295276
0.80315, 0.53937, 0.177165, 0.259843, 1, 0.633858, 0.708661, 0.200787, 0.267717, 0.106299
0.267717, 0.598425, 0.625984, 0.712598, 0.216535, 0.519685, 0.291339, 0.468504, 0.669291, 0.952756
0.807087, 0.440945, 0.228346, 0.374016, 0.507874, 0.862205, 0.374016, 0.622047, 0.240157, 0.0433071
0.0472441, 0.307087, 0.011811, 0.0551181, 0.629921, 0.185039, 0.133858, 0.492126, 0.893701, 0.889764
0.688976, 0.0984252, 0.440945, 0.015748, 0.0944882, 0.326772, 0.275591, 0.637795, 0.0787402, 0.0944882
0.73622, 0.862205, 0.204724, 0.602362, 0.933071, 0.161417, 0.204724, 0.0905512, 0.334646, 0.307087
0.818898, 0.905512, 0.712598, 0.338583, 0.472441, 0.397638, 0.370079, 0.240157, 0.704724, 0.610236
0.015748, 0.169291, 0.326772, 0.669291, 0.46063, 0.535433, 0.740157, 0.740157, 0.452756, 0.692913
0.523622, 0.023622, 0.956693, 0.602362, 0.755906, 0.96063, 0.933071, 0.185039, 0.704724, 0.748031
0.582677, 0.870079, 0.314961, 0.358268, 0.476378, 0.409449, 0.299213, 0.543307, 0.759843, 0.330709
0.586614, 0.496063, 0.531496, 0.543307, 0.405512, 0.0669291, 0.362205, 0.740157, 0.665354, 0.393701
0.625984, 0.476378, 0.417323, 0.0748031, 0.34252, 0.610236, 0.984252, 0.0511811, 0.188976, 0.582677
0.523622, 0.854331, 0.366142, 0.53937, 0.165354, 1, 0.448819, 0.472441, 0.023622, 0.877953
0.507874, 0.00393701, 0.811024, 0.88189, 0.653543, 0.543307, 0.822835, 0.992126, 0.405512, 0.728346
0.874016, 0.433071, 0.484252, 0.681102, 0.0354331, 0.0826772, 0.429134, 0.992126, 0.291339, 0.251969
0.149606, 0.665354, 0.122047, 0.893701, 0.224409, 0.362205, 0.692913, 0.232283, 0.283465, 0.944882
0.46063, 0.358268, 0.0748031, 0.543307, 0.464567, 0.913386, 0.0669291, 1, 0.417323, 0.177165
0.208661, 0.200787, 0.996063, 0.543307, 0.425197, 0.948819, 0.669291, 0.484252, 0.484252, 0.708661
0.901575, 0.125984, 0.122047, 0.913386, 0.956693, 0.787402, 0.0551181, 0.259843, 0.354331, 0.220472
0.511811, 0.547244, 0.874016, 0.122047, 0.287402, 0.885827, 0.259843, 0.0866142, 0.874016, 0.177165
0.866142, 0.515748, 0.606299, 0.192913, 0.484252, 0.929134, 0.015748, 0.606299, 0.440945, 0.685039
0.551181, 0.0629921, 0.0354331, 0.846457, 0.409449, 0.625984, 0.748031, 0.405512, 0.145669, 0.145669
0.0551181, 0.80315, 0.838583, 0.177165, 0.0944882, 0.173228, 0.464567, 0.0669291, 0.295276, 0.964567
0.73622, 0.354331, 0.334646, 0.177165, 0.633858, 0.850394, 0.0433071, 0.681102, 0.976378, 0.76378
0.653543, 0.133858, 0.944882, 0.933071, 0.507874, 0.141732, 0.866142, 0.700787, 0.862205, 0.279528
0.385827, 0.468504, 0.0984252, 0.834646, 0.496063, 0.625984, 0.661417, 0.889764, 0.110236, 0.299213
0.0275591, 0.015748, 0.0551181, 0.57874, 0.799213, 0.775591, 0.192913, 0.311024, 0.744094, 0.299213
0.429134, 0.84252, 0.724409, 0.114173, 0.267717, 0.220472, 0.496063, 0.444882, 0.0984252, 0.283465
0.019685, 0.00393701, 0.933071, 0.622047, 0.732283, 0.452756, 0.417323, 0.893701, 0.173228, 0.547244
0.204724, 0.720472, 0.330709, 0.724409, 0.405512, 0.0275591, 0.555118, 0.38189, 0.185039, 0.771654
0.334646, 0.161417, 0.665354, 0.980315, 0.555118, 0.0590551, 0.188976, 0.0787402, 0.964567, 0.88189
0.555118, 0.0472441, 0.437008, 0.543307, 0.362205, 0.0511811, 0.393701, 0.515748, 0.0314961, 0.69685
0.755906, 0.65748, 0.476378, 0.370079, 0.015748, 0.0629921, 0.523622, 0.0984252, 0.834646, 0.496063
0.511811, 0.937008, 0.877953, 0.96063, 0.114173, 0.287402, 0.586614, 0.299213, 0.846457, 0.917323
0.598425, 0.602362, 0.496063, 0.366142, 0.429134, 0.732283, 0.551181, 0.688976, 0.0472441, 0.114173
0.901575, 0, 0.023622, 0.110236, 0.795276, 0.283465, 0.992126, 0.212598, 0.996063, 0.728346
0.145669, 0.972441, 0.110236, 0.625984, 0.0551181, 0.850394, 0.582677, 0.724409, 0.125984, 0.937008
0.700787, 0.559055, 0.933071, 0.704724, 0.582677, 0.944882, 0.188976, 0.547244, 0.92126, 0.751969
0.547244, 0.744094, 0.224409, 0.255906, 0.602362, 0.826772, 0.232283, 0.877953, 0.433071, 0.92126
0.846457, 0.240157, 0.543307, 0.838583, 0.125984, 0.901575, 0.389764, 0.767717, 0.692913, 0.177165
0.712598, 0.649606, 0.692913, 0.311024, 0.279528, 0.11811, 0.165354, 0.433071, 0.980315, 0.240157
0.23622, 0.46063, 0.818898, 0.472441, 0.311024, 0.161417, 0.771654, 0.0354331, 0.964567, 0.818898
0.5, 0.913386, 0.452756, 0.188976, 0.555118, 0.137795, 0.275591, 0.531496, 0.622047, 0.952756
0.681102, 0.724409, 0.551181, 0.377953, 0.787402, 0.314961, 0.956693, 0.759843, 0.669291, 0.964567
0.905512, 0.019685, 0.023622, 0.913386, 0.885827, 0.700787, 0.826772, 0.767717, 0.401575, 0.57874
0.944882, 0.326772, 0.350394, 0.437008, 0.562992, 0.358268, 0.318898, 0.370079, 0.807087, 0.114173
0.283465, 0.84252, 0.0472441, 0.574803, 0.240157, 0.192913, 0.38189, 0.925197, 0.334646, 0.141732
0.814961, 0.440945, 1, 0.633858, 0.153543, 0.535433, 0.88189, 0.641732, 0.322835, 0.822835
0.204724, 0.933071, 0.893701, 0.515748, 0.503937, 0.92126, 0.748031, 0.582677, 0.417323, 0.204724
0.57874, 0.84252, 0.511811, 0.259843, 0.799213, 0.712598, 0.488189, 0.594488, 0.606299, 0.220472
0.61811, 0.389764, 0.46063, 0.484252, 0.795276, 0.19685, 0.271654, 0.661417, 0.779528, 0.358268
0.46063, 0.204724, 0.681102, 0.0708661, 0.472441, 0.720472, 0.5, 0.0275591, 0.125984, 0.917323
0.649606, 0.366142, 0.448819, 0.996063, 0.307087, 0.787402, 0.527559, 0.870079, 0.645669, 0.874016
0.73622, 0.614173, 0.795276, 0.42126, 0.976378, 0.88189, 0.255906, 0.822835, 0.73622, 0.244094
0.700787, 0.755906, 0.275591, 0.452756, 0.299213, 0.850394, 0.65748, 0.0787402, 0.767717, 0.125984
0.582677, 0.271654, 0.574803, 0.129921, 0.354331, 0.665354, 0.102362, 0.909449, 0.838583, 0.665354
0.389764, 0.996063, 0.925197, 0.0629921, 0.968504, 0.370079, 0.811024, 0.0393701, 0.456693, 0.358268
0.956693, 0.598425, 0.397638, 0.125984, 0.653543, 0.488189, 0.704724, 0.822835, 0.444882, 0.925197
0.826772, 0.165354, 0.192913, 0.720472, 0.854331, 0.0590551, 0.173228, 0.818898, 0.629921, 0.5
0.0669291, 0.606299, 0.976378, 0.129921, 0.42126, 0.456693, 0.0866142, 0.114173, 0.354331, 0.720472
0.0708661, 0.791339, 0.73622, 0.338583, 0.968504, 0.929134, 0.0551181, 0.0314961, 0.0708661, 0.854331
0.00393701, 0.476378, 0.137795, 0.555118, 0.92126, 0.811024, 0.259843, 0.728346, 0.598425, 0.574803
0.346457, 0.669291, 0.708661, 0.783465, 0.992126, 0.385827, 0.826772, 0.862205, 0.255906, 0.822835
0.125984, 0.531496, 0.267717, 0.893701, 0.208661, 0.334646, 0.692913, 0.30315, 0.0708661, 0.984252
0.704724, 0.649606, 0.472441, 0.562992, 0.110236, 0.137795, 0.0511811, 0.547244, 0.590551, 0.685039
0.216535, 0.61811, 0.448819, 0.850394, 0.933071, 0.38189, 0.846457, 0.590551, 0.0472441, 0.606299
0.984252, 0.200787, 0.30315, 0.338583, 0.200787, 0.287402, 0.106299, 0.909449, 0.976378, 0.755906
0.161417, 0.590551, 0.661417, 0.909449, 0.562992, 0.275591, 0.244094, 0.822835, 0.0472441, 0.602362
0.748031, 0.771654, 0.188976, 0.173228, 0.929134, 0.814961, 0.271654, 0.110236, 0.370079, 0.838583
0.224409, 0.362205, 0.877953, 0.877953, 0.023622, 0.488189, 0.515748, 0.015748, 0.023622, 0.0393701
0.933071, 0.574803, 0.570866, 0.42126, 0.523622, 0.397638, 0.413386, 0.944882, 0.515748, 0.708661
0.259843, 0.669291, 0.728346, 0.251969, 0.964567, 0.0629921, 0.314961, 0.11811, 0.322835, 0.00787402
0.409449, 0.429134, 0.464567, 0.944882, 0.818898, 0.401575, 0.905512, 0.854331, 0.893701, 0.531496
0.291339, 0.354331, 0.125984, 0.5, 0.287402, 0.476378, 0.38189, 0.503937, 0.96063, 0.905512
0.952756, 0.314961, 0.73622, 0.574803, 0, 0.519685, 0.870079, 0.519685, 0.61811, 0.944882
0.244094, 0.464567, 0.220472, 0.889764, 0.0748031, 0.80315, 0.562992, 0.724409, 0.76378, 0.440945
0.433071, 0.137795, 0.114173, 0.318898, 0.586614, 0.566929, 0.92126, 0.023622, 0.488189, 0.0708661
0.598425, 0.464567, 0.96063, 0.799213, 0.188976, 0.519685, 0.787402, 0.244094, 0.42126, 0.204724
0.755906, 0.551181, 0.523622, 0.76378, 0.46063, 0.992126, 0.523622, 0.00393701, 0.929134, 0.354331
0.874016, 0.988189, 0.448819, 0.122047, 0.153543, 0.53937, 0.350394, 0.901575, 0.535433, 0.0590551
0.181102, 0.141732, 0.248031, 0.275591, 0.704724, 0.212598, 0.338583, 0.496063, 0.507874, 0.42126
0.566929, 0.232283, 0.901575, 0.759843, 0.192913, 0.740157, 0.409449, 0.244094, 0.866142, 0.110236
0.625984, 0.976378, 0.259843, 0.283465, 0.425197, 0.830709, 0.350394, 0.452756, 0.73622, 0.913386
0.401575, 0.712598, 0.141732, 0.909449, 0.724409, 0.84252, 0.850394, 0.366142, 0.267717, 0.783465
0.334646, 0.775591, 0.0472441, 0.503937, 0.84252, 0.425197, 0.185039, 0.527559, 0.0433071, 0.145669
0.570866, 0.507874, 0.669291, 0.535433, 0.767717, 0.362205, 0.413386, 0.897638, 0.0275591, 0.897638
0.834646, 0.653543, 0.015748, 0.755906, 0.929134, 0.988189, 0.976378, 0.208661, 0.700787, 0.366142
0.669291, 0.26378, 0.161417, 0.771654, 0.755906, 0.259843, 0.34252, 0.480315, 0.76378, 0.314961
0.122047, 0.913386, 0.720472, 0.389764, 0.688976, 0.00393701, 0.220472, 0.0669291, 0.133858, 0.92126
0.0669291, 0.980315, 0.346457, 0.307087, 0.106299, 0.169291, 0.956693, 0.980315, 0.874016, 0.523622
0.759843, 0.232283, 0.267717, 0.602362, 0.472441, 0.106299, 0.448819, 0.425197, 0.456693, 0.641732
0.322835, 0.448819, 0.767717, 0.598425, 0.114173, 0.937008, 0.73622, 0.937008, 0.137795, 0.905512
0.622047, 0.728346, 0.165354, 0.228346, 0.318898, 0.0354331, 0.783465, 0.133858, 0.929134, 0.311024
0.566929, 0.00393701, 0.968504, 0.476378, 0.897638, 0.574803, 0.346457, 0.137795, 0.00787402, 0.330709
0.783465, 0.30315, 0.929134, 0.767717, 0.511811, 0.669291, 0.0669291, 0.515748, 0.188976, 0.354331
0.279528, 0.141732, 0.11811, 0.779528, 0.716535, 0.023622, 0.492126, 0.165354, 0.877953, 0.307087
0.65748, 0.637795, 0.102362, 0.870079, 0.377953, 0.629921, 0.795276, 0.555118, 0.751969, 0.456693
0.775591, 0.519685, 0.326772, 0.476378, 0.125984, 0.566929, 0.248031, 0.137795, 0.42126, 0.165354
0.208661, 0.401575, 0.582677, 0.913386, 0.259843, 0.251969, 0.854331, 0.224409, 0.523622, 0.515748
0.145669, 0.779528, 0.200787, 0.19685, 0.240157, 0.704724, 0.507874, 0.5, 0.0787402, 0.165354
0.200787, 0.0826772, 0.161417, 0.984252, 0.314961, 0.165354, 0.350394, 0.633858, 0.771654, 0.665354
0.228346, 0.452756, 0.649606, 0.26378, 0.826772, 0.129921, 0.0748031, 0.838583, 0.185039, 0.826772
0.0354331, 0.527559, 0.944882, 0.0826772, 1, 0.862205, 0.322835, 0.0984252, 0.251969, 0.909449
0.649606, 0.88189, 0.925197, 0.472441, 0.397638, 0.633858, 0.503937, 0.661417, 0.751969, 0.858268
0.023622, 0.744094, 0.295276, 0.807087, 0.413386, 0.452756, 0.594488, 0.141732, 0.787402, 0.968504
0.220472, 0.401575, 0.720472, 0.38189, 0.877953, 0.73622, 0.181102, 0.318898, 0.173228, 0.555118
0.633858, 0.232283, 0.771654, 0.330709, 0.909449, 0.42126, 0.681102, 0.42126, 0.015748, 0.295276
0.0944882, 0.748031, 0.433071, 0.468504, 0.0748031, 0.633858, 0.283465, 0.42126, 0.751969, 0.716535
0.0275591, 0.57874, 0.814961, 0.590551, 0.283465, 0.65748, 0.649606, 0.622047, 0.307087, 0.976378
0.822835, 0.515748, 0.259843, 0.023622, 0.744094, 0.15748, 0.377953, 0.877953, 0.129921, 0.80315
0.220472, 0.984252, 0.629921, 0.590551, 0.232283, 0.0787402, 0.744094, 0.704724, 1, 0.488189
0.547244, 0.767717, 0.692913, 0.208661, 0.92126, 0.141732, 0.212598, 0.720472, 0.0354331, 0.330709
0.732283, 0.015748, 0.586614, 0.129921, 0.65748, 0.523622, 0.901575, 0.917323, 0.417323, 0.275591
0.338583, 0.0866142, 0.673228, 0.771654, 0.330709, 0.476378, 0.405512, 0.661417, 0.377953, 0.0275591
0.73622, 0.488189, 0.358268, 0.259843, 0.566929, 0.291339, 0.586614, 0.0826772, 0.559055, 0.559055
0.606299, 0.531496, 0.795276, 0.988189, 0.972441, 0.748031, 0.425197, 0.759843, 0.858268, 0.106299
0.125984, 0.0511811, 0.767717, 0.551181, 0.232283, 0.724409, 0.948819, 0.496063, 0.220472, 0.307087
0.582677, 0.712598, 0.437008, 0.606299, 0.318898, 0.385827, 0.531496, 0.295276, 0.106299, 0.401575
0.366142, 0.629921, 0.543307, 0.897638, 0.503937, 0.787402, 0.437008, 0.350394, 0.149606, 0.885827
0.011811, 0.181102, 0.610236, 0.346457, 0.606299, 0.814961, 0.669291, 0.740157, 0.980315, 0.708661
0.614173, 0.944882, 0.5, 0.555118, 0.65748, 0.346457, 0.106299, 0.944882, 0.224409, 0.728346
0.988189, 0.330709, 0.523622, 0.633858, 0.19685, 0.362205, 0.893701, 0.724409, 0.433071, 0.905512
0.610236, 0.818898, 0.393701, 0.366142, 0.204724, 0.503937, 0.393701, 0.968504, 0.925197, 0.00787402
0.92126, 0.732283, 0.106299, 0.496063, 0.909449, 0.669291, 0.818898, 0.212598, 0.00787402, 0.716535
0.523622, 0.523622, 0.543307, 0.519685, 0.795276, 0.188976, 0.692913, 0.492126, 0.220472, 0.141732
0.161417, 0.0472441, 0.952756, 0.0708661, 0.42126, 0.255906, 0.161417, 0.744094, 0.437008, 0.267717
0.30315, 0.208661, 0.318898, 0.570866, 0.188976, 0.0866142, 0.740157, 0.838583, 0.555118, 0.515748
0.866142, 0.141732, 0.503937, 0.84252, 0.574803, 0.566929, 0.511811, 0.88189, 0.212598, 0.649606
0.996063, 0.314961, 0.748031, 0.409449, 0.389764, 0.287402, 0.96063, 0.42126, 0, 0.00393701
0.897638, 0.125984, 0.61811, 0.00787402, 0.397638, 0.92126, 0.350394, 0.69685, 0.897638, 0.468504
0.629921, 0.92126, 0.598425, 0.173228, 0.228346, 0.5, 0.295276, 0.633858, 0.850394, 0.5
0.791339, 0.0748031, 0.814961, 0.405512, 0.53937, 0.543307, 0.547244, 0.370079, 0.73622, 0.712598
0.948819, 0.637795, 0.909449, 0.299213, 0.137795, 0.350394, 0.437008, 0.0393701, 0.181102, 0.0511811
0.814961, 0.122047, 0.940945, 0.562992, 0.724409, 0.338583, 0.885827, 0.480315, 0.330709, 0.862205
0.102362, 0.858268, 0.0866142, 0.547244, 0.023622, 0.417323, 0.409449, 0.00393701, 0.295276, 0.185039
0.283465, 0.173228, 0.901575, 0.354331, 0.688976, 0.523622, 0.228346, 0.728346, 0.88189, 0.838583
0.65748, 0.637795, 0.15748, 0.212598, 0.413386, 0.566929, 0.409449, 0.984252, 0.574803, 0.515748
0.220472, 0.385827, 0.519685, 0.673228, 0.251969, 0.377953, 0.46063, 0.188976, 0.728346, 0.0393701
0.0551181, 0.161417, 0.728346, 0.885827, 0.23622, 0.700787, 0.440945, 0.425197, 0.590551, 0.452756
0.110236, 0.783465, 0.645669, 0.606299, 0.937008, 0.188976, 0.437008, 0.0748031, 0.732283, 0.503937
0.38189, 0.61811, 0.38189, 0.53937, 0.606299, 0.0905512, 0.65748, 0.610236, 0.602362, 0.314961
0.255906, 0.559055, 0.633858, 0.870079, 0.110236, 0.551181, 0.452756, 0.748031, 0.188976, 0.259843
0.165354, 0.185039, 0.559055, 0.889764, 0.346457, 0.208661, 0.893701, 0.23622, 0.34252, 0.393701
0.622047, 0.26378, 0.0511811, 0.181102, 0.874016, 0.0787402, 0.594488, 0.748031, 0.791339, 0.15748
0.0354331, 0.149606, 0.346457, 0.393701, 0.830709, 0.0905512, 0.216535, 0.492126, 0.133858, 0.169291
0.0511811, 0.240157, 0.299213, 0.685039, 0.00787402, 0.492126, 0.137795, 0.625984, 0.0748031, 0.169291
0.834646, 0.65748, 0.0314961, 0.358268, 0.358268, 0.492126, 0.149606, 0.0866142, 0.543307, 0.492126
0.019685, 0.53937, 0.814961, 0.161417, 0.216535, 0.862205, 0.0826772, 0.574803, 0.232283, 0.0354331
0.251969, 0.73622, 0.228346, 0.795276, 0.65748, 0.720472, 0.610236, 0.759843, 0.582677, 0.173228
0.409449, 0.129921, 0.429134, 0.653543, 0.716535, 0.0314961, 0.519685, 0.0275591, 0.976378, 0.362205
0.38189, 0.570866, 0.0669291, 0.374016, 0.437008, 0.767717, 0.92126, 0.314961, 0.452756, 0.519685
0.19685, 0.30315, 0.204724, 0.496063, 0.200787, 0.476378, 0.0590551, 0.834646, 0.023622, 0.153543
0.417323, 0.468504, 0.724409, 0.65748, 0.948819, 0.0433071, 0.287402, 0.129921, 0.181102, 0.425197
0.248031, 0.692913, 0.566929, 0.0984252, 0.484252, 0.858268, 0.232283, 0.637795, 0.248031, 0.0275591
0.149606, 0.11811, 0.102362, 0.681102, 0.511811, 0.311024, 0.566929, 0.637795, 0.220472, 0.948819
0.519685, 0.996063, 0.76378, 0.515748, 0.708661, 0.23622, 0.669291, 0.133858, 0.826772, 0.106299
0.511811, 0.511811, 0.137795, 0.88189, 0.795276, 0.125984, 0.531496, 0.149606, 0.846457, 0.283465
0.858268, 0.80315, 0.791339, 0.685039, 0.976378, 0.34252, 0.759843, 0.818898, 0.866142, 0.448819
0.929134, 0.559055, 0, 0.724409, 0.716535, 0.0984252, 0.185039, 0.354331, 0.46063, 0.590551
0.444882, 0.700787, 0.527559, 0.0826772, 0.944882, 0.614173, 0.574803, 0.952756, 0.834646, 0.440945
0.0472441, 0.562992, 0.374016, 0.299213, 0.629921, 0.940945, 0.00393701, 0.799213, 0.122047, 0.385827
0.181102, 0.472441, 0.988189, 0.586614, 0.444882, 0.547244, 0.26378, 0.937008, 0.716535, 0.889764
0.629921, 0.0669291, 0.503937, 0.244094, 0.350394, 0.370079, 0.110236, 0.244094, 0.484252, 0.649606
0.877953, 0.673228, 0.547244, 0.88189, 0.929134, 0.767717, 0.96063, 0.948819, 0.503937, 0.570866
0.744094, 0.448819, 0.562992, 0.744094, 0.0669291, 0.791339, 0.685039, 0.448819, 0.106299, 0.34252
0.677165, 0.318898, 0.622047, 0.440945, 0.275591, 0.877953, 0.708661, 0.929134, 0.830709, 0.374016
0.0905512, 0.299213, 0.649606, 0.692913, 0.0984252, 0.338583, 0.515748, 0.019685, 0.637795, 0.200787
0.511811, 0.834646, 0.681102, 0.791339, 0.909449, 0.440945, 0.858268, 0.00787402, 0.57874, 0.452756
0.913386, 0.26378, 0.673228, 0.417323, 0.251969, 0.877953, 0.877953, 0.712598, 0.405512, 0.0866142
0.606299, 0.338583, 0.543307, 0.354331, 0.637795, 0.543307, 0.464567, 0.224409, 0.0629921, 0.0354331
0.377953, 0.0826772, 0.389764, 0.133858, 0.665354, 0.354331, 0.614173, 0.779528, 0.11811, 0.732283
0.834646, 0.401575, 0.216535, 0.629921, 0.964567, 0.669291, 0.984252, 0.692913, 0.822835, 0.279528
0.964567, 0.42126, 0.122047, 0.452756, 0.366142, 0.582677, 0.673228, 0.61811, 0.244094, 0.582677
0.76378, 0.0590551, 0.759843, 0.248031, 0.374016, 0.405512, 0.555118, 0.291339, 0.110236, 0.720472
0.165354, 0.15748, 0.468504, 0.712598, 0.980315, 0.531496, 0.968504, 0.889764, 0.240157, 0.185039
0.901575, 0.700787, 0.996063, 0.287402, 0.653543, 0.145669, 0.00393701, 0.472441, 0.165354, 0.73622
0.374016, 0.834646, 0.283465, 0.330709, 0.708661, 0.653543, 0.846457, 0.279528, 0.598425, 0.759843
0.0905512, 0.440945, 0.283465, 0.46063, 0.940945, 0.897638, 0.122047, 0.692913, 0.527559, 0.637795
0.208661, 0.0314961, 0.811024, 0.645669, 0.712598, 0.46063, 0.744094, 0.555118, 0.346457, 0.267717
0.452756, 0.901575, 0.598425, 0.177165, 0.472441, 0.570866, 0.511811, 0.917323, 0.846457, 0.448819
0.153543, 0.822835, 0.653543, 0.940945, 0.870079, 0.476378, 0.645669, 0.677165, 0.562992, 0.488189
0.944882, 0.0866142, 0.204724, 0.799213, 0.0275591, 0.259843, 0.346457, 0.889764, 0.153543, 0.681102
0.73622, 0.5, 0.165354, 0.688976, 0.948819, 0.80315, 0.771654, 0.889764, 0.685039, 0.216535
0.377953, 0.141732, 0.15748, 0.795276, 0.874016, 0.606299, 0.34252, 0.610236, 0.783465, 0.559055
0.244094, 0.30315, 0.88189, 0.456693, 0.318898, 0.767717, 0.46063, 0.354331, 0.153543, 0.818898
0.937008, 0.519685, 0.61811, 1, 0.566929, 0.480315, 0.377953, 0.972441, 0.00787402, 0.405512
0.84252, 0.744094, 0.019685, 0.330709, 0.496063, 0.255906, 0.929134, 0.169291, 0.177165, 0.102362
0.015748, 0.311024, 0.590551, 0.582677, 0.385827, 0.393701, 0.937008, 0.889764, 0.440945, 0.370079
0.248031, 0.562992, 0.622047, 0.649606, 0.46063, 0.0275591, 0.57874, 0.507874, 0.76378, 0.80315
0.771654, 0.523622, 0.700787, 0.535433, 0.992126, 0.5, 0.976378, 0.125984, 0.61811, 0.244094
0.661417, 0.271654, 0.362205, 0.952756, 0.622047, 0.692913, 0.216535, 0.740157, 0.34252, 0.818898
0.740157, 0.338583, 0.496063, 0.374016, 0.846457, 0.291339, 0.0314961, 0.11811, 0.283465, 0.114173
0.956693, 0.425197, 0.46063, 0.53937, 0.574803, 0.543307, 0.807087, 0.149606, 1, 0.893701
0.0629921, 0.830709, 0.0433071, 0.641732, 0.259843, 0.444882, 0.19685, 0.649606, 0.854331, 0.582677
0.102362, 0.885827, 0.448819, 0.625984, 0.133858, 0.562992, 0.259843, 0.125984, 0.885827, 0.456693
0.515748, 0.362205, 0.606299, 0.88189, 0.291339, 0.956693, 0.200787, 0.015748, 0.830709, 0.0787402
0.744094, 0.102362, 0.0433071, 0.0708661, 0.893701, 0.405512, 0.582677, 0.322835, 0.295276, 0.692913
0.448819, 0.732283, 0.228346, 0.0433071, 0.0905512, 0.173228, 0.0472441, 0.854331, 0.850394, 0.114173
0.464567, 0.61811, 0.173228, 0.255906, 0.169291, 0.0551181, 0.232283, 0.740157, 0.0393701, 0.15748
0.582677, 0.866142, 0.34252, 0.46063, 0.885827, 0.240157, 0.834646, 0.948819, 0.507874, 0.362205
0.0354331, 0.913386, 0.712598, 0.996063, 0.484252, 0.688976, 0.822835, 0.30315, 0.814961, 0.362205
0.885827, 0.602362, 0.0748031, 0.440945, 0.38189, 0.96063, 0.0748031, 0.46063, 0.26378, 0.885827
0.425197, 0.350394, 0.830709, 0.137795, 0.11811, 0.0511811, 0.023622, 0.814961, 0.114173, 0.228346
0.208661, 0.519685, 0.464567, 0.440945, 0.34252, 0.484252, 0.889764, 0.84252, 0.574803, 0.366142
0.484252, 0, 0.0393701, 0.527559, 0.956693, 0.346457, 0.673228, 0.704724, 0.948819, 0.889764
0.92126, 0.637795, 0.299213, 0.480315, 0.161417, 0.192913, 0.370079, 0.748031, 0.0314961, 0.350394
0.503937, 0.228346, 0.204724, 0.0590551, 0.582677, 0.69685, 0.452756, 0.708661, 0.811024, 0.192913
0.397638, 0.720472, 0.330709, 0.665354, 0.811024, 0.862205, 0.19685, 0.141732, 0.744094, 0.173228
0.602362, 0.295276, 0.677165, 0.169291, 0.204724, 0.767717, 0.511811, 0.826772, 0.259843, 0.976378
0.57874, 0.944882, 0.925197, 0.456693, 0.0511811, 0.775591, 0.496063, 0.858268, 0.271654, 0.586614
0.0472441, 0.720472, 0.641732, 0.767717, 0.295276, 0.732283, 0.0393701, 0.53937, 0.425197, 0.838583
0.444882, 0.216535, 0.838583, 0.405512, 0, 0.759843, 0.937008, 0.46063, 0.570866, 0.102362
0.547244, 0.917323, 0.720472, 0.614173, 0.248031, 0.248031, 0.948819, 0.972441, 0.137795, 0.106299
0.0511811, 0.751969, 0.488189, 0.488189, 0.433071, 0.972441, 0.330709, 0.177165, 0.358268, 0.181102
0.65748, 0.271654, 0.818898, 0.535433, 0.23622, 0.169291, 0.732283, 0.366142, 0.232283, 0.515748
0.122047, 0.610236, 0.547244, 0.814961, 0.633858, 0.775591, 0.102362, 0.846457, 0.551181, 0.665354
0.515748, 0.811024, 0.673228, 0.38189, 0.0984252, 0.295276, 0.53937, 0.507874, 0.799213, 0.11811
0.307087, 0.255906, 0.622047, 0.96063, 0.523622, 0.649606, 0.740157, 0.574803, 0.0826772, 0.614173
0.125984, 0.0748031, 0.795276, 0.854331, 0.452756, 0.0551181, 0.531496, 0.271654, 0.330709, 0.496063
0.322835, 0.822835, 0.228346, 0.551181, 0.712598, 0.492126, 0.838583, 0.129921, 0.933071, 0.283465
0.173228, 0.740157, 0.173228, 0.15748, 0.216535, 0.00393701, 0.275591, 0.318898, 0.346457, 0.65748
0.610236, 0.0944882, 0.586614, 0.484252, 0.905512, 0.192913, 0.23622, 0.291339, 0.393701, 0.787402
0.783465, 0.165354, 0.645669, 0.759843, 0.314961, 0.673228, 0.822835, 0.685039, 0.740157, 0.346457
0.692913, 0.161417, 0.110236, 0.330709, 0.212598, 0.358268, 0.0826772, 0.73622, 0.88189, 0.897638
0.984252, 0.232283, 0.338583, 0.88189, 0.822835, 0.937008, 0.807087, 0.61811, 0.259843, 0.787402
0.011811, 0.503937, 0.901575, 0.362205, 0.712598, 0.248031, 0.909449, 0.350394, 0.527559, 0.165354
0.212598, 0.980315, 0.019685, 0.232283, 0.850394, 0.314961, 0.830709, 0.334646, 0.425197, 0.0748031
0.448819, 0.503937, 0.244094, 0.464567, 0.885827, 0.830709, 0.76378, 0.614173, 0.448819, 0.976378
0.728346, 0.598425, 0.807087, 0.314961, 0.153543, 0.724409, 0.271654, 1, 0.677165, 0.629921
0.503937, 0.015748, 0.84252, 0.555118, 0.53937, 0.933071, 0.590551, 0.661417, 0.177165, 0.724409
0.452756, 0.34252, 0.370079, 0.228346, 0.291339, 0.559055, 0.602362, 0.350394, 0.185039, 0.952756
0.937008, 0.716535, 0.909449, 0.728346, 0.53937, 0.964567, 0.637795, 0.149606, 0.129921, 0.633858
0.830709, 0.496063, 0.370079, 0.161417, 0.649606, 0.598425, 0.948819, 0.0393701, 0.255906, 0.598425
0.11811, 0.437008, 0.92126, 0.76378, 0.0826772, 0.925197, 0.161417, 0.0275591, 0.354331, 0.787402
0.0393701, 0.948819, 0.30315, 0.940945, 0.724409, 0.0984252, 0.169291, 0.720472, 0.590551, 0.224409
0.5, 0.669291, 0.901575, 0.988189, 0.673228, 0.350394, 0.0708661, 0.826772, 0.440945, 0.437008
0.228346, 0.248031, 0.413386, 0.452756, 0.326772, 0.0826772, 0.271654, 0.307087, 0.208661, 0.901575
0.122047, 0.0433071, 0.314961, 0.688976, 0.405512, 0.862205, 0.598425, 0.73622, 0.114173, 0.685039
0.748031, 0.110236, 0.019685, 0.523622, 0.354331, 0.834646, 0.480315, 0.669291, 0.984252, 1
0.814961, 0.543307, 0.775591, 0.0629921, 0.57874, 0.535433, 0.724409, 0.0905512, 0.34252, 0.574803
0.73622, 0.200787, 0.669291, 0.73622, 0.149606, 0.893701, 0.5, 0.19685, 0.440945, 0.870079
0.015748, 0.0551181, 0.956693, 0.866142, 0.188976, 0.114173, 0.688976, 0.0708661, 0.531496, 0.503937
0.885827, 0.937008, 0.492126, 0.153543, 0.744094, 0.748031, 0.0748031, 0.161417, 0.153543, 0.169291
0.34252, 0.244094, 0.0669291, 0.964567, 0.692913, 0.688976, 0.858268, 0.153543, 0.188976, 0.204724
0.622047, 0.244094, 0.527559, 0.968504, 0.0944882, 0.30315, 0.102362, 0.0787402, 0.968504, 0.88189
0.893701, 0.69685, 0.519685, 0.405512, 0.728346, 0.685039, 0.692913, 0.0905512, 0.515748, 0.61811
0.15748, 0.0944882, 0.555118, 0.653543, 0.744094, 0.330709, 0.669291, 0.255906, 0.011811, 0.334646
0.972441, 0.19685, 0.92126, 0.0984252, 0.523622, 0.200787, 0.555118, 0.748031, 0.397638, 0.555118
0.889764, 0.259843, 0.299213, 0.814961, 0.488189, 0.905512, 0.476378, 0.732283, 0.775591, 0.673228
0.791339, 0.0748031, 0.358268, 0.897638, 0.0275591, 0.653543, 0.625984, 0.464567, 0.173228, 0.862205
0.019685, 0.562992, 0.374016, 0.669291, 0.42126, 0.0787402, 0.480315, 0.885827, 0.275591, 0.185039
0.787402, 0.846457, 0.0472441, 0.862205, 0.944882, 0.527559, 0.244094, 0.0708661, 0.807087, 0.748031
0.728346, 0.724409, 0.468504, 0.188976, 0.838583, 0.0314961, 0.748031, 0.665354, 0.401575, 0.114173
0.547244, 0.586614, 0.444882, 0.69685, 0.476378, 0.692913, 0.716535, 0.26378, 0.799213, 0.393701
0.574803, 0.795276, 0.535433, 0.5, 0.0472441, 0.677165, 0.248031, 0.622047, 0.692913, 0.992126
0.385827, 0.822835, 0.0866142, 0.984252, 0.834646, 0.15748, 0.637795, 0.984252, 0.019685, 0.925197
0.562992, 0.625984, 0.456693, 0.448819, 0.570866, 0.0354331, 0.200787, 0.744094, 0.00787402, 0.614173
0.401575, 0.429134, 0.724409, 0.161417, 0.279528, 0.326772, 0.377953, 0.889764, 0.783465, 0.019685
1, 0.791339, 0.34252, 0.771654, 0.76378, 0.807087, 0.870079, 0.822835, 0.177165, 0.212598
0.322835, 0.204724, 0.594488, 0.665354, 0.5, 0.724409, 0.559055, 0.488189, 0.389764, 0.598425
0.834646, 0.543307, 0.346457, 0.96063, 0.771654, 0.208661, 0.84252, 0.661417, 0.307087, 0.492126
0.106299, 0.30315, 0.204724, 0.0511811, 0.795276, 0.299213, 0.606299, 0.200787, 0.791339, 0.692913
0.311024, 0.188976, 0.185039, 0.988189, 0.610236, 0.594488, 0.751969, 0.897638, 0.937008, 0.0866142
0.362205, 0.893701, 0.744094, 0.318898, 0.125984, 0.346457, 0.976378, 0.271654, 0.185039, 0.244094
0.0393701, 0.787402, 0.531496, 0.590551, 0.46063, 0.0748031, 0.496063, 0.114173, 0.830709, 0.909449
0.480315, 0.106299, 0.129921, 0.362205, 0.452756, 0.5, 0.826772, 0.523622, 0.507874, 0.57874
0.708661, 0.106299, 0.748031, 0.389764, 0.311024, 0.181102, 0.850394, 0.767717, 0.188976, 0.192913
0.377953, 0.350394, 0.102362, 0.929134, 0.153543, 0.944882, 0.531496, 0.889764, 0.149606, 0.814961
0.200787, 0.582677, 0.255906, 0.362205, 0.956693, 0.519685, 0.685039, 0.456693, 0.818898, 0.0708661
0.755906, 0.350394, 0.807087, 0.598425, 0.350394, 0.901575, 0.574803, 0.799213, 0.700787, 0.0905512
0.346457, 0.649606, 0.661417, 0.456693, 0.716535, 0.948819, 0.685039, 0.551181, 0.38189, 0.673228
0.464567, 0.708661, 0.937008, 0.830709, 0.019685, 0.417323, 0.338583, 0.350394, 0.779528, 0.925197
0.338583, 0.122047, 0.322835, 0.476378, 0.649606, 0.559055, 0.972441, 0.976378, 0.0669291, 0.913386
0.637795, 0.728346, 0.23622, 0.594488, 0.874016, 0.177165, 0.712598, 0.0708661, 0.464567, 0.456693
0.637795, 0.492126, 0.244094, 0.519685, 0.88189, 0.826772, 0.968504, 0.641732, 0.244094, 0.610236
0.145669, 0.929134, 0.590551, 0.775591, 0.393701, 0.712598, 0.125984, 0.637795, 0.88189, 0.326772
0.901575, 0.177165, 0.15748, 0.826772, 1, 0.291339, 0.0669291, 0.503937, 0.515748, 0.149606
0.775591, 0.531496, 0.523622, 0.968504, 0.559055, 0.015748, 0.271654, 0.787402, 0.397638, 0.755906
0.866142, 0.488189, 0.850394, 0.53937, 0.456693, 0.393701, 0.437008, 0.283465, 0.338583, 0.984252
0.582677, 0.188976, 0.0511811, 0.976378, 0.161417, 0.559055, 1, 0.216535, 0.818898, 0.570866
0.712598, 0.732283, 0.507874, 0.244094, 0.433071, 0.476378, 0.830709, 0.216535, 0.362205, 0.507874
0.751969, 0.685039, 0.826772, 0.299213, 0.440945, 0.311024, 0.84252, 0.125984, 0.354331, 0.173228
0.125984, 0.326772, 0.562992, 0.283465, 0.661417, 0.80315, 0.110236, 0.814961, 0.169291, 0.716535
0.551181, 0.897638, 0.976378, 0.755906, 0.11811, 0.669291, 0.988189, 0.744094, 0.622047, 0.598425
0.287402, 0.76378, 0.925197, 0.401575, 0.57874, 0.338583, 0.354331, 0.897638, 0.354331, 0.322835
0.34252, 0.0511811, 0.492126, 0.0551181, 0.307087, 0.641732, 0.464567, 0.948819, 0.625984, 0.637795
1, 0.240157, 0.397638, 0.885827, 0.295276, 0.917323, 0.700787, 0.57874, 1, 0.248031
0.0669291, 0.992126, 0.791339, 0.0669291, 0.893701, 0.456693, 0.409449, 0.472441, 0.0787402, 0.417323
0.161417, 0.476378, 0.137795, 0.279528, 0.200787, 0.980315, 0.106299, 0.311024, 0.850394, 0.374016
0.0787402, 0.637795, 0.11811, 0.870079, 0.523622, 0.212598, 0.314961, 0.523622, 0.255906, 0.161417
0.106299, 0.137795, 0.440945, 0.255906, 0.448819, 0.307087, 0.740157, 0.748031, 0.468504, 0.948819
0.681102, 0.267717, 0.0393701, 0.220472, 0.0629921, 0.0590551, 0.559055, 0.377953, 0.015748, 0.224409
0.429134, 0.476378, 0.937008, 0.448819, 0.937008, 0.019685, 0.629921, 0.952756, 0.370079, 0.185039
0.0511811, 0.799213, 0.220472, 0.377953, 0.330709, 0.811024, 0.767717, 0.917323, 0.346457, 0.933071
0.503937, 0.165354, 0.519685, 0.811024, 0.877953, 0.724409, 0.783465, 0.57874, 0.267717, 0.200787
0.23622, 0.224409, 0.0433071, 0.0590551, 0.228346, 0.889764, 0.744094, 0.232283, 0.700787, 0.255906
0.944882, 0.96063, 0.755906, 0.807087, 0.0787402, 0.318898, 0.972441, 0.992126, 0.637795, 0.283465
0.0393701, 0.952756, 0.775591, 0.677165, 0.26378, 0.401575, 0.393701, 0.523622, 0.984252, 0.326772
0.669291, 0.69685, 0.988189, 0.582677, 0.88189, 0.562992, 0.102362, 0.779528, 0.543307, 0.464567
0.389764, 0.956693, 0.602362, 0.606299, 0.610236, 0.602362, 0.771654, 0.433071, 0.330709, 0.480315
0.401575, 0.917323, 0.5, 0.590551, 0.685039, 0.42126, 0.586614, 0.444882, 0.562992, 0.933071
0.472441, 0.0551181, 0.413386, 0.224409, 0.677165, 0.598425, 0.531496, 0.996063, 0.240157, 0.362205
0.0984252, 0.165354, 0.192913, 0.102362, 0.122047, 0.30315, 0.787402, 0.267717, 0.153543, 0.110236
0.503937, 0.775591, 1, 0.0433071, 0.948819, 0.212598, 0.141732, 0.795276, 0.444882, 0.472441
0.279528, 0.688976, 0.287402, 0.948819, 0.96063, 0.389764, 0.401575, 0.925197, 0.122047, 0.940945
0.598425, 0.433071, 0.574803, 0.216535, 0.437008, 0.0905512, 0.0472441, 0.248031, 0.397638, 0.30315
0.0826772, 0.988189, 0.858268, 0.858268, 0.614173, 0.976378, 0.322835, 0.787402, 0.401575, 0.744094
0.0708661, 0.88189, 0.358268, 0.0472441, 0.795276, 0.834646, 0.102362, 0.767717, 0.129921, 0.133858
0.0511811, 0.535433, 0.393701, 0.338583, 0.590551, 0.76378, 0.181102, 0.913386, 0.0984252, 0.177165
0.771654, 0.901575, 0.649606, 0.169291, 0.23622, 0.023622, 0.779528, 0.948819, 0.192913, 0.283465
0.641732, 0.826772, 0.633858, 0.429134, 1, 0.0511811, 0.102362, 0.023622, 0.57874, 0.259843
0.748031, 0.519685, 0.980315, 0.972441, 0.389764, 0.122047, 0.968504, 0.46063, 0.57874, 0.149606
0.665354, 0.641732, 0.417323, 0.633858, 0.244094, 0.795276, 0.417323, 0.307087, 0.818898, 0.283465
0.255906, 0.413386, 0.53937, 0.5, 0.838583, 0.440945, 0.448819, 0.362205, 0.0866142, 0.240157
0.775591, 0.448819, 0.65748, 0.562992, 0.555118, 0.192913, 0.956693, 0.484252, 0.326772, 0.122047
0.0748031, 0.0275591, 0.385827, 0.751969, 0.476378, 0.220472, 0.023622, 0.88189, 0.0511811, 0.952756
0.897638, 0.413386, 0.468504, 0.188976, 0.38189, 0.279528, 0.905512, 0.771654, 0.468504, 0.629921
0.0944882, 0.53937, 0.228346, 0.614173, 0.771654, 0.937008, 0.30315, 0, 0.535433, 0.84252
0.830709, 0.653543, 0.976378, 0.976378, 0.901575, 0.358268, 0.775591, 0.716535, 0.322835, 0.681102
0.570866, 0.862205, 0.732283, 0.145669, 0.519685, 0.496063, 0.507874, 0.429134, 0.334646, 0.23622
0.637795, 0.177165, 0.610236, 0.409449, 0.61811, 0.562992, 0.838583, 0.437008, 0.283465, 0.0314961
0.0275591, 0.555118, 0.555118, 0.779528, 0.0472441, 0.0354331, 0.909449, 0.314961, 0.976378, 0.637795
0.956693, 0.535433, 0.795276, 0.940945, 0.748031, 0.34252, 0.783465, 0.937008, 0.401575, 0.0472441
0.724409, 0.145669, 0.216535, 1, 0.433071, 0.480315, 0.732283, 0.535433, 0.992126, 0.712598
0.153543, 0.259843, 0.661417, 0.106299, 0.133858, 1, 0.440945, 0.0944882, 0.496063, 0.444882
0.0905512, 0.173228, 0.350394, 0.732283, 0.15748, 0.437008, 0.814961, 0.566929, 0.779528, 0.771654
0.291339, 0.720472, 0.370079, 0.0826772, 0.582677, 0.0984252, 0.799213, 0.688976, 0.114173, 0.0669291
0.405512, 0.11811, 0.0433071, 0.350394, 0.023622, 0.23622, 0.748031, 0.649606, 0.677165, 0.65748
0.0944882, 0.141732, 0.177165, 0.53937, 0.633858, 0.0905512, 0.712598, 0.42126, 0.204724, 0.984252
0.0590551, 0.909449, 0.374016, 0.779528, 0.952756, 0.464567, 0.255906, 0.980315, 0.996063, 0.314961
0.673228, 0.141732, 0.192913, 0.594488, 0.551181, 0.015748, 0.200787, 0.354331, 0.350394, 0.905512
0.732283, 0.570866, 0.338583, 0.192913, 0.937008, 0.232283, 0.73622, 0.141732, 0.940945, 0.46063
0.53937, 0.0669291, 0.704724, 0.216535, 0.5, 0, 0.425197, 0.720472, 0.917323, 0.019685
0.633858, 0.267717, 0.488189, 0.972441, 0.397638, 0.023622, 0.724409, 0.129921, 0.708661, 0.866142
0.661417, 0.807087, 0.984252, 0.901575, 0.972441, 0.0511811, 0.566929, 0.0669291, 0.0629921, 0.346457
0.531496, 0.905512, 0.389764, 0.232283, 0.0984252, 0.614173, 0.984252, 0.673228, 0.641732, 0.287402
0.232283, 0.0944882, 0.748031, 0.515748, 0.92126, 0.484252, 0.46063, 0.0787402, 0.468504, 0.625984
0.26378, 0.476378, 0.822835, 0.448819, 0.0944882, 0.948819, 0.681102, 0.795276, 0.944882, 0.228346
0.877953, 0.0433071, 0.42126, 0.220472, 0, 0.893701, 0.996063, 0.0629921, 0.905512, 0.937008
0.779528, 0.137795, 0.507874, 0.637795, 0.622047, 0.212598, 0.88189, 0.692913, 0.787402, 0.901575
0.275591, 0.0314961, 0.216535, 0.362205, 0.669291, 0.917323, 0.255906, 0.65748, 0.673228, 0.559055
0.496063, 0.547244, 0.692913, 0.885827, 0.866142, 0.267717, 0.322835, 0.204724, 0.00787402, 0.444882
0.106299, 0.224409, 0.346457, 0.755906, 0.96063, 0.704724, 0.208661, 0.551181, 0.811024, 0.0748031
0.0826772, 0.854331, 0.523622, 0.0748031, 0.30315, 0.905512, 0.870079, 0.929134, 0.417323, 0.929134
0.5, 0.259843, 0.0511811, 0.354331, 0.0354331, 0.484252, 0.964567, 0.0275591, 0.137795, 0.590551
0.401575, 0.633858, 0.444882, 0.602362, 0.15748, 0.940945, 0.929134, 0.448819, 0.23622, 0.015748
0.145669, 0.555118, 0.850394, 0.0984252, 0.275591, 0.940945, 0.507874, 0.555118, 0.700787, 0.877953
0.645669, 0.677165, 0.212598, 0.767717, 0.0590551, 0.212598, 0.133858, 0.598425, 0.582677, 0.275591
0.96063, 0.897638, 0.791339, 0.901575, 1, 0.476378, 0.53937, 0.137795, 0.200787, 0.574803
0.984252, 0.629921, 0.625984, 0.141732, 0.834646, 0.0669291, 0.811024, 0.181102, 0.594488, 0.354331
0.452756, 0.889764, 0.740157, 0.0905512, 0.326772, 0.57874, 0.122047, 0.669291, 0.149606, 0.858268
0.952756, 0.566929, 0.964567, 0.555118, 0.366142, 0.216535, 0.65748, 0.0472441, 0.826772, 0.814961
0.555118, 0.909449, 0.531496, 0.692913, 0.69685, 0.0393701, 0.401575, 0.377953, 0.80315, 0.259843
0.688976, 0.102362, 0.92126, 0.929134, 0.614173, 0.452756, 0.771654, 0.220472, 0.818898, 0.830709
0.401575, 0.562992, 0.322835, 0.169291, 0.700787, 0.307087, 0.366142, 0.11811, 0.0708661, 0.299213
0.988189, 0.968504, 0.0944882, 0.976378, 0.00787402, 0.905512, 0.011811, 0.712598, 0.913386, 0.259843
0.228346, 0.374016, 0.84252, 0.779528, 0.326772, 0.220472, 0.19685, 0.767717, 0.515748, 0.283465
0.224409, 0.409449, 0.212598, 0.814961, 0.362205, 0.0275591, 0.574803, 0.535433, 0.161417, 0.692913
0.413386, 0.641732, 0.511811, 0.468504, 0.818898, 0.334646, 0.0472441, 0.69685, 0.913386, 1
0.858268, 0.350394, 0.283465, 0.728346, 0.988189, 0.92126, 0.968504, 0.220472, 0.708661, 0.551181
0.901575, 0.338583, 0.295276, 0.633858, 0.444882, 0.19685, 0.637795, 0.015748, 0.0629921, 0.622047
0.700787, 0.00393701, 0.933071, 0.681102, 0.940945, 0.850394, 0.515748, 0.901575, 0.586614, 0.846457
0.228346, 0.0511811, 0.692913, 0.244094, 0.114173, 0.015748, 0.0275591, 0.358268, 0.122047, 0.874016
0.307087, 0.838583, 0.535433, 0.637795, 0.688976, 0.405512, 0.011811, 0.649606, 0.393701, 0.507874
0.622047, 0.740157, 0.385827, 0.42126, 0.188976, 0.240157, 0.65748, 0.114173, 0.216535, 0.468504
0.901575, 1, 0.901575, 0.972441, 0.976378, 0.188976, 0.57874, 0.582677, 0.389764, 0.354331
0.811024, 0.11811, 0.818898, 0.92126, 0.307087, 0.204724, 0.795276, 0.429134, 0.0590551, 0.0905512
0.692913, 0.53937, 0.326772, 0.464567, 0.720472, 0.26378, 0.251969, 0.84252, 0.346457, 0.440945
0.110236, 0.0866142, 0.940945, 0.19685, 0.38189, 0.145669, 0.748031, 0.185039, 0.362205, 0.503937
